chr1,634029,634030,GSM1669090_peak_1,38.14111
chr1,2684175,2684176,GSM1669090_peak_2,6.29443
chr1,16545933,16545934,GSM1669090_peak_3,34.25071
chr1,16566765,16566766,GSM1669090_peak_4,7.21996
chr1,16678276,16678277,GSM1669090_peak_5,76.24136
chr1,16727371,16727372,GSM1669090_peak_6,55.87991
chr1,16860273,16860274,GSM1669090_peak_7,9.0854
chr1,16861989,16861990,GSM1669090_peak_8,38.14111
chr1,93847610,93847611,GSM1669090_peak_9,53.29671
chr1,120844314,120844315,GSM1669090_peak_10,23.15892
chr1,121016853,121016854,GSM1669090_peak_11,90.23233
chr1,121020811,121020812,GSM1669090_peak_12,15.97698
chr1,125174043,125174044,GSM1669090_peak_13,46.04491
chr1,125183895,125183896,GSM1669090_peak_14,169.1834
chr1,143184844,143184845,GSM1669090_peak_15,33.93487
chr1,143195536,143195537,GSM1669090_peak_16,19.52949
chr1,143203815,143203816,GSM1669090_peak_17,20.63901
chr1,143215927,143215928,GSM1669090_peak_18,14.46002
chr1,143221845,143221846,GSM1669090_peak_19,14.71153
chr1,143222248,143222249,GSM1669090_peak_20,26.10581
chr1,143232040,143232041,GSM1669090_peak_21,41.38247
chr1,143235055,143235056,GSM1669090_peak_22,10.81258
chr1,143238500,143238501,GSM1669090_peak_23,9.0093
chr1,143244993,143244994,GSM1669090_peak_24,21.38252
chr1,143245828,143245829,GSM1669090_peak_25,32.98932
chr1,143247073,143247074,GSM1669090_peak_26,54.48334
chr1,143253319,143253320,GSM1669090_peak_27,35.0402
chr1,143256187,143256188,GSM1669090_peak_28,17.3735
chr1,143264266,143264267,GSM1669090_peak_29,29.39354
chr1,143266419,143266420,GSM1669090_peak_30,25.51927
chr1,143273094,143273095,GSM1669090_peak_31,14.0156
chr1,143275876,143275877,GSM1669090_peak_32,15.58486
chr1,144103752,144103753,GSM1669090_peak_33,33.64871
chr1,144104429,144104430,GSM1669090_peak_34,15.86467
chr1,144419294,144419295,GSM1669090_peak_35,24.34671
chr1,145157210,145157211,GSM1669090_peak_36,9.0854
chr1,145287843,145287844,GSM1669090_peak_37,38.14111
chr1,146035765,146035766,GSM1669090_peak_38,101.17676
chr1,146037123,146037124,GSM1669090_peak_39,105.4588
chr1,146039444,146039445,GSM1669090_peak_40,91.06098
chr1,146370152,146370153,GSM1669090_peak_41,46.05862
chr1,148265096,148265097,GSM1669090_peak_42,21.91038
chr1,148353585,148353586,GSM1669090_peak_43,23.41735
chr1,148529338,148529339,GSM1669090_peak_44,51.67559
chr1,149558416,149558417,GSM1669090_peak_45,39.45514
chr1,149708660,149708661,GSM1669090_peak_46,156.15416
chr1,149712629,149712630,GSM1669090_peak_47,57.98315
chr1,149740274,149740275,GSM1669090_peak_48,31.70756
chr1,153671318,153671319,GSM1669090_peak_49,119.37047
chr1,159141607,159141608,GSM1669090_peak_50,5.41141
chr1,161399700,161399701,GSM1669090_peak_51,75.66259
chr1,161422082,161422083,GSM1669090_peak_52,42.05162
chr1,161428078,161428079,GSM1669090_peak_53,72.31516
chr1,161523890,161523891,GSM1669090_peak_54,65.97504
chr1,161530342,161530343,GSM1669090_peak_55,60.43908
chr1,161531183,161531184,GSM1669090_peak_56,56.56414
chr1,161540274,161540275,GSM1669090_peak_57,80.5269
chr1,161612764,161612765,GSM1669090_peak_58,68.56947
chr1,167714795,167714796,GSM1669090_peak_59,54.52976
chr1,167715495,167715496,GSM1669090_peak_60,45.67198
chr1,204506604,204506605,GSM1669090_peak_61,117.35965
chr1,222465061,222465062,GSM1669090_peak_62,44.82043
chr1,224014857,224014858,GSM1669090_peak_63,8.91555
chr1,248873922,248873923,GSM1669090_peak_64,88.04037
chr10,5853676,5853677,GSM1669090_peak_65,19.54691
chr10,22229501,22229502,GSM1669090_peak_66,102.92921
chr10,22997322,22997323,GSM1669090_peak_67,35.36156
chr10,38487568,38487569,GSM1669090_peak_68,13.61947
chr10,38573512,38573513,GSM1669090_peak_69,16.29611
chr10,38579026,38579027,GSM1669090_peak_70,12.23945
chr10,38878896,38878897,GSM1669090_peak_71,16.25722
chr10,38882149,38882150,GSM1669090_peak_72,15.66758
chr10,38911644,38911645,GSM1669090_peak_73,7.0646
chr10,38912932,38912933,GSM1669090_peak_74,9.71206
chr10,38919207,38919208,GSM1669090_peak_75,18.14619
chr10,38920045,38920046,GSM1669090_peak_76,25.61483
chr10,42070577,42070578,GSM1669090_peak_77,30.41065
chr10,42080612,42080613,GSM1669090_peak_78,18.96338
chr10,42102573,42102574,GSM1669090_peak_79,14.9624
chr10,42104555,42104556,GSM1669090_peak_80,15.32049
chr10,67764562,67764563,GSM1669090_peak_81,88.63885
chr10,133689440,133689441,GSM1669090_peak_82,111.72647
chr11,59550628,59550629,GSM1669090_peak_83,41.95176
chr11,59551866,59551867,GSM1669090_peak_84,12.40652
chr11,59556480,59556481,GSM1669090_peak_85,16.03012
chr11,59557494,59557495,GSM1669090_peak_86,16.68236
chr11,59560362,59560363,GSM1669090_peak_87,55.47861
chr11,59566374,59566375,GSM1669090_peak_88,60.85847
chr11,66348158,66348159,GSM1669090_peak_89,132.42674
chr11,68460165,68460166,GSM1669090_peak_90,51.79321
chr11,70371358,70371359,GSM1669090_peak_91,15.0684
chr11,76235854,76235855,GSM1669090_peak_92,89.1011
chr11,122559990,122559991,GSM1669090_peak_93,11.0607
chr12,56190418,56190419,GSM1669090_peak_94,29.09729
chr12,96036055,96036056,GSM1669090_peak_95,108.6004
chr12,98503534,98503535,GSM1669090_peak_96,94.04186
chr12,98504285,98504286,GSM1669090_peak_97,39.73669
chr12,124921799,124921800,GSM1669090_peak_98,97.8906
chr12,124927341,124927342,GSM1669090_peak_99,71.3645
chr12,124927854,124927855,GSM1669090_peak_100,92.97475
chr12,124939992,124939993,GSM1669090_peak_101,72.72408
chr13,30673993,30673994,GSM1669090_peak_102,16.21718
chr13,41060731,41060732,GSM1669090_peak_103,20.39842
chr13,44917928,44917929,GSM1669090_peak_104,115.19422
chr13,94549721,94549722,GSM1669090_peak_105,53.58477
chr14,20343311,20343312,GSM1669090_peak_106,13.00229
chr14,20609332,20609333,GSM1669090_peak_107,35.85441
chr14,20610199,20610200,GSM1669090_peak_108,69.84328
chr14,20613345,20613346,GSM1669090_peak_109,64.43252
chr14,20625423,20625424,GSM1669090_peak_110,116.92481
chr14,20631154,20631155,GSM1669090_peak_111,66.55254
chr14,20633106,20633107,GSM1669090_peak_112,69.42368
chr14,20663192,20663193,GSM1669090_peak_113,28.04369
chr14,20681725,20681726,GSM1669090_peak_114,85.23718
chr14,20683317,20683318,GSM1669090_peak_115,58.57009
chr14,20684011,20684012,GSM1669090_peak_116,57.9264
chr14,22929776,22929777,GSM1669090_peak_117,123.53949
chr14,32203169,32203170,GSM1669090_peak_118,38.8661
chr14,49586866,49586867,GSM1669090_peak_119,16.93966
chr14,49862575,49862576,GSM1669090_peak_120,34.94227
chr14,58239889,58239890,GSM1669090_peak_121,95.56242
chr14,72963047,72963048,GSM1669090_peak_122,6.53185
chr14,88979170,88979171,GSM1669090_peak_123,69.76151
chr14,102317155,102317156,GSM1669090_peak_124,97.44243
chr14,105582799,105582800,GSM1669090_peak_125,8.13181
chr15,17081453,17081454,GSM1669090_peak_126,12.0355
chr15,26082269,26082270,GSM1669090_peak_127,78.83062
chr15,40593830,40593831,GSM1669090_peak_128,70.66457
chr15,45198693,45198694,GSM1669090_peak_129,37.91145
chr15,45200405,45200406,GSM1669090_peak_130,51.26605
chr15,45201224,45201225,GSM1669090_peak_131,21.23621
chr15,65869089,65869090,GSM1669090_peak_132,81.65049
chr15,67839976,67839977,GSM1669090_peak_133,36.74299
chr15,78860623,78860624,GSM1669090_peak_134,132.43135
chr15,79744673,79744674,GSM1669090_peak_135,15.23729
chr15,89335110,89335111,GSM1669090_peak_136,118.24535
chr16,636766,636767,GSM1669090_peak_137,86.52733
chr16,1025375,1025376,GSM1669090_peak_138,7.20048
chr16,3150753,3150754,GSM1669090_peak_139,62.47337
chr16,3152990,3152991,GSM1669090_peak_140,129.87367
chr16,3157397,3157398,GSM1669090_peak_141,35.2211
chr16,3158990,3158991,GSM1669090_peak_142,33.99721
chr16,3175729,3175730,GSM1669090_peak_143,46.55819
chr16,3182640,3182641,GSM1669090_peak_144,31.36732
chr16,3191543,3191544,GSM1669090_peak_145,21.52864
chr16,3192038,3192039,GSM1669090_peak_146,23.19563
chr16,3194020,3194021,GSM1669090_peak_147,23.81908
chr16,14285974,14285975,GSM1669090_peak_148,124.83579
chr16,22195738,22195739,GSM1669090_peak_149,170.82231
chr16,22297181,22297182,GSM1669090_peak_150,103.66634
chr16,22298552,22298553,GSM1669090_peak_151,16.35671
chr16,33336761,33336762,GSM1669090_peak_152,11.08413
chr16,33339930,33339931,GSM1669090_peak_153,8.44924
chr16,33491522,33491523,GSM1669090_peak_154,37.60053
chr16,34062779,34062780,GSM1669090_peak_155,11.30192
chr16,34071600,34071601,GSM1669090_peak_156,17.11394
chr16,34573070,34573071,GSM1669090_peak_157,47.86794
chr16,34574271,34574272,GSM1669090_peak_158,39.29172
chr16,34593264,34593265,GSM1669090_peak_159,52.32957
chr16,34595056,34595057,GSM1669090_peak_160,48.29158
chr16,46380893,46380894,GSM1669090_peak_161,72.37428
chr16,46390536,46390537,GSM1669090_peak_162,169.1834
chr16,46401481,46401482,GSM1669090_peak_163,66.38807
chr16,57300480,57300481,GSM1669090_peak_164,60.13404
chr16,70778191,70778192,GSM1669090_peak_165,12.06721
chr16,70779059,70779060,GSM1669090_peak_166,60.07349
chr16,70789582,70789583,GSM1669090_peak_167,5.90264
chr16,73478387,73478388,GSM1669090_peak_168,37.36717
chr16,87384033,87384034,GSM1669090_peak_169,90.07481
chr17,8119194,8119195,GSM1669090_peak_170,27.54415
chr17,8119808,8119809,GSM1669090_peak_171,36.76631
chr17,8120357,8120358,GSM1669090_peak_172,33.64643
chr17,8120997,8120998,GSM1669090_peak_173,21.86451
chr17,8125824,8125825,GSM1669090_peak_174,18.32567
chr17,8138871,8138872,GSM1669090_peak_175,18.05023
chr17,8139421,8139422,GSM1669090_peak_176,10.63416
chr17,8186958,8186959,GSM1669090_peak_177,38.531
chr17,8187666,8187667,GSM1669090_peak_178,42.40506
chr17,8220859,8220860,GSM1669090_peak_179,21.06354
chr17,8221583,8221584,GSM1669090_peak_180,43.17567
chr17,8222237,8222238,GSM1669090_peak_181,39.43508
chr17,8226230,8226231,GSM1669090_peak_182,31.3494
chr17,8226999,8227000,GSM1669090_peak_183,20.82638
chr17,19508239,19508240,GSM1669090_peak_184,136.16402
chr17,21861272,21861273,GSM1669090_peak_185,11.25611
chr17,21863247,21863248,GSM1669090_peak_186,11.30192
chr17,21969437,21969438,GSM1669090_peak_187,22.2088
chr17,25920205,25920206,GSM1669090_peak_188,21.98515
chr17,26594901,26594902,GSM1669090_peak_189,20.82517
chr17,26603917,26603918,GSM1669090_peak_190,48.90369
chr17,26797060,26797061,GSM1669090_peak_191,14.56627
chr17,26854918,26854919,GSM1669090_peak_192,14.66271
chr17,26879237,26879238,GSM1669090_peak_193,8.44286
chr17,26885774,26885775,GSM1669090_peak_194,27.97443
chr17,31550121,31550122,GSM1669090_peak_195,44.36872
chr17,38751802,38751803,GSM1669090_peak_196,38.73935
chr17,38867716,38867717,GSM1669090_peak_197,31.83931
chr17,38869344,38869345,GSM1669090_peak_198,19.73737
chr17,39153730,39153731,GSM1669090_peak_199,42.69733
chr17,39154487,39154488,GSM1669090_peak_200,66.24152
chr17,49192585,49192586,GSM1669090_peak_201,132.07535
chr17,60028991,60028992,GSM1669090_peak_202,5.41141
chr17,62018177,62018178,GSM1669090_peak_203,15.24537
chr17,62131088,62131089,GSM1669090_peak_204,21.91217
chr17,68019904,68019905,GSM1669090_peak_205,212.93852
chr17,75033938,75033939,GSM1669090_peak_206,24.26914
chr17,75035172,75035173,GSM1669090_peak_207,78.84077
chr17,81249433,81249434,GSM1669090_peak_208,7.20048
chr17,82494710,82494711,GSM1669090_peak_209,58.56411
chr18,108453,108454,GSM1669090_peak_210,22.61715
chr18,109195,109196,GSM1669090_peak_211,25.67921
chr18,52792813,52792814,GSM1669090_peak_212,17.42819
chr19,893516,893517,GSM1669090_peak_213,15.23729
chr19,1021586,1021587,GSM1669090_peak_214,31.70756
chr19,1383614,1383615,GSM1669090_peak_215,23.04538
chr19,4724143,4724144,GSM1669090_peak_216,59.46513
chr19,4724652,4724653,GSM1669090_peak_217,45.65334
chr19,7450933,7450934,GSM1669090_peak_218,9.70925
chr19,33177115,33177116,GSM1669090_peak_219,93.42014
chr19,39412225,39412226,GSM1669090_peak_220,13.22681
chr19,44411477,44411478,GSM1669090_peak_221,7.64256
chr19,45478640,45478641,GSM1669090_peak_222,27.13121
chr19,54133780,54133781,GSM1669090_peak_223,21.07306
chr2,3181123,3181124,GSM1669090_peak_224,8.1176
chr2,27050828,27050829,GSM1669090_peak_225,102.32892
chr2,32916282,32916283,GSM1669090_peak_226,9.49202
chr2,42810587,42810588,GSM1669090_peak_227,84.64695
chr2,70248992,70248993,GSM1669090_peak_228,92.48455
chr2,92081303,92081304,GSM1669090_peak_229,17.93855
chr2,95551374,95551375,GSM1669090_peak_230,9.36121
chr2,97068008,97068009,GSM1669090_peak_231,5.41141
chr2,101844850,101844851,GSM1669090_peak_232,11.27891
chr2,130337137,130337138,GSM1669090_peak_233,82.2281
chr2,132287055,132287056,GSM1669090_peak_234,7.68358
chr2,156400834,156400835,GSM1669090_peak_235,66.58468
chr20,28860322,28860323,GSM1669090_peak_236,5.41141
chr20,28860919,28860920,GSM1669090_peak_237,5.80196
chr20,28889801,28889802,GSM1669090_peak_238,16.86978
chr20,28898298,28898299,GSM1669090_peak_239,10.50974
chr20,31157747,31157748,GSM1669090_peak_240,14.64825
chr20,31185061,31185062,GSM1669090_peak_241,18.37311
chr20,47143069,47143070,GSM1669090_peak_242,20.60412
chr20,47150045,47150046,GSM1669090_peak_243,36.95914
chr20,47894926,47894927,GSM1669090_peak_244,62.55469
chr20,48516277,48516278,GSM1669090_peak_245,21.43904
chr20,63657483,63657484,GSM1669090_peak_246,15.42268
chr20,63665422,63665423,GSM1669090_peak_247,29.34476
chr21,5216570,5216571,GSM1669090_peak_248,5.3044
chr21,7258156,7258157,GSM1669090_peak_249,17.30543
chr21,7258791,7258792,GSM1669090_peak_250,20.79124
chr21,7926387,7926388,GSM1669090_peak_251,62.22703
chr21,8219984,8219985,GSM1669090_peak_252,133.56383
chr21,8228754,8228755,GSM1669090_peak_253,18.54706
chr21,8230714,8230715,GSM1669090_peak_254,24.33473
chr21,8234509,8234510,GSM1669090_peak_255,125.07401
chr21,8239219,8239220,GSM1669090_peak_256,17.97112
chr21,8420303,8420304,GSM1669090_peak_257,120.63477
chr21,8434187,8434188,GSM1669090_peak_258,23.15892
chr21,8434976,8434977,GSM1669090_peak_259,8.13181
chr21,8441207,8441208,GSM1669090_peak_260,15.23729
chr21,8452153,8452154,GSM1669090_peak_261,36.45942
chr21,8454061,8454062,GSM1669090_peak_262,71.67754
chr21,8465397,8465398,GSM1669090_peak_263,67.19257
chr21,9099932,9099933,GSM1669090_peak_264,7.64256
chr21,9819152,9819153,GSM1669090_peak_265,11.79095
chr21,9823667,9823668,GSM1669090_peak_266,7.20048
chr21,10270276,10270277,GSM1669090_peak_267,26.75383
chr21,17454785,17454786,GSM1669090_peak_268,63.79258
chr21,43262728,43262729,GSM1669090_peak_269,7.00639
chr22,11211331,11211332,GSM1669090_peak_270,24.46646
chr22,11814800,11814801,GSM1669090_peak_271,13.03329
chr22,11817910,11817911,GSM1669090_peak_272,32.66541
chr22,11819031,11819032,GSM1669090_peak_273,9.91152
chr22,12174427,12174428,GSM1669090_peak_274,12.69264
chr22,12175091,12175092,GSM1669090_peak_275,18.64839
chr22,12176240,12176241,GSM1669090_peak_276,34.97551
chr22,12692437,12692438,GSM1669090_peak_277,64.6774
chr22,16352847,16352848,GSM1669090_peak_278,29.55612
chr22,18890983,18890984,GSM1669090_peak_279,30.21437
chr22,18892492,18892493,GSM1669090_peak_280,16.91399
chr3,45688996,45688997,GSM1669090_peak_281,28.47439
chr3,75669305,75669306,GSM1669090_peak_282,38.84809
chr3,91891234,91891235,GSM1669090_peak_283,24.34671
chr3,93470577,93470578,GSM1669090_peak_284,383.47528
chr3,132231833,132231834,GSM1669090_peak_285,7.39034
chr3,169772290,169772291,GSM1669090_peak_286,114.09939
chr3,198169095,198169096,GSM1669090_peak_287,7.20048
chr4,49092061,49092062,GSM1669090_peak_288,12.27276
chr4,49121014,49121015,GSM1669090_peak_289,52.92284
chr4,49289307,49289308,GSM1669090_peak_290,8.13181
chr4,49313156,49313157,GSM1669090_peak_291,15.86732
chr4,49314198,49314199,GSM1669090_peak_292,14.4492
chr4,49323156,49323157,GSM1669090_peak_293,11.0607
chr4,49511055,49511056,GSM1669090_peak_294,21.29298
chr4,49512739,49512740,GSM1669090_peak_295,10.35127
chr4,49514904,49514905,GSM1669090_peak_296,11.8405
chr4,49657545,49657546,GSM1669090_peak_297,28.7261
chr4,49709747,49709748,GSM1669090_peak_298,41.47576
chr4,50809431,50809432,GSM1669090_peak_299,10.06201
chr4,51107524,51107525,GSM1669090_peak_300,39.45514
chr4,87363766,87363767,GSM1669090_peak_301,13.10296
chr4,189881455,189881456,GSM1669090_peak_302,9.0854
chr4,190022737,190022738,GSM1669090_peak_303,10.06201
chr4,190179566,190179567,GSM1669090_peak_304,30.02524
chr5,49601640,49601641,GSM1669090_peak_305,65.43974
chr5,49666200,49666201,GSM1669090_peak_306,22.17032
chr5,49666967,49666968,GSM1669090_peak_307,51.28006
chr5,140711343,140711344,GSM1669090_peak_308,87.04583
chr5,140718970,140718971,GSM1669090_peak_309,123.85104
chr5,140726225,140726226,GSM1669090_peak_310,97.97524
chr5,178585697,178585698,GSM1669090_peak_311,11.27891
chr5,181173728,181173729,GSM1669090_peak_312,39.79388
chr5,181187782,181187783,GSM1669090_peak_313,51.88118
chr5,181188430,181188431,GSM1669090_peak_314,35.56739
chr5,181188860,181188861,GSM1669090_peak_315,48.05857
chr5,181191719,181191720,GSM1669090_peak_316,62.76627
chr5,181206901,181206902,GSM1669090_peak_317,94.52552
chr5,181207817,181207818,GSM1669090_peak_318,73.09476
chr5,181218248,181218249,GSM1669090_peak_319,87.52429
chr5,181222052,181222053,GSM1669090_peak_320,46.78104
chr6,26286587,26286588,GSM1669090_peak_321,90.65309
chr6,26305476,26305477,GSM1669090_peak_322,71.14954
chr6,26311722,26311723,GSM1669090_peak_323,23.8061
chr6,26312629,26312630,GSM1669090_peak_324,22.47268
chr6,26313117,26313118,GSM1669090_peak_325,63.30464
chr6,26322872,26322873,GSM1669090_peak_326,46.45491
chr6,26327664,26327665,GSM1669090_peak_327,53.56133
chr6,26328203,26328204,GSM1669090_peak_328,40.22299
chr6,26330294,26330295,GSM1669090_peak_329,60.25146
chr6,26521302,26521303,GSM1669090_peak_330,73.64708
chr6,26532907,26532908,GSM1669090_peak_331,85.78192
chr6,26537576,26537577,GSM1669090_peak_332,46.61016
chr6,26538068,26538069,GSM1669090_peak_333,28.07383
chr6,26553546,26553547,GSM1669090_peak_334,39.5952
chr6,26554201,26554202,GSM1669090_peak_335,45.88965
chr6,26556623,26556624,GSM1669090_peak_336,25.54205
chr6,26568890,26568891,GSM1669090_peak_337,76.11769
chr6,26571841,26571842,GSM1669090_peak_338,30.15205
chr6,26594909,26594910,GSM1669090_peak_339,21.72723
chr6,27020405,27020406,GSM1669090_peak_340,12.53341
chr6,27091804,27091805,GSM1669090_peak_341,34.92901
chr6,27097393,27097394,GSM1669090_peak_342,32.39754
chr6,27158244,27158245,GSM1669090_peak_343,9.40659
chr6,27162357,27162358,GSM1669090_peak_344,30.65318
chr6,27177218,27177219,GSM1669090_peak_345,90.98991
chr6,27213854,27213855,GSM1669090_peak_346,25.1342
chr6,27215240,27215241,GSM1669090_peak_347,18.83519
chr6,27230547,27230548,GSM1669090_peak_348,84.77572
chr6,27235581,27235582,GSM1669090_peak_349,27.80631
chr6,27237541,27237542,GSM1669090_peak_350,14.85948
chr6,27280292,27280293,GSM1669090_peak_351,105.00712
chr6,27293926,27293927,GSM1669090_peak_352,32.60235
chr6,27295522,27295523,GSM1669090_peak_353,24.69996
chr6,27298037,27298038,GSM1669090_peak_354,37.52233
chr6,27303844,27303845,GSM1669090_peak_355,19.33896
chr6,27332955,27332956,GSM1669090_peak_356,23.76033
chr6,27334987,27334988,GSM1669090_peak_357,39.52251
chr6,27478880,27478881,GSM1669090_peak_358,70.96779
chr6,27479733,27479734,GSM1669090_peak_359,54.03801
chr6,27495869,27495870,GSM1669090_peak_360,13.35572
chr6,27503086,27503087,GSM1669090_peak_361,14.05064
chr6,27505836,27505837,GSM1669090_peak_362,59.93729
chr6,27519553,27519554,GSM1669090_peak_363,72.59385
chr6,27532329,27532330,GSM1669090_peak_364,6.11303
chr6,27541786,27541787,GSM1669090_peak_365,12.498
chr6,27547758,27547759,GSM1669090_peak_366,61.46363
chr6,27553424,27553425,GSM1669090_peak_367,7.43771
chr6,27576133,27576134,GSM1669090_peak_368,10.49175
chr6,27583480,27583481,GSM1669090_peak_369,68.57574
chr6,27591809,27591810,GSM1669090_peak_370,12.4814
chr6,27592790,27592791,GSM1669090_peak_371,67.67119
chr6,27605655,27605656,GSM1669090_peak_372,44.2475
chr6,27618429,27618430,GSM1669090_peak_373,25.72412
chr6,27650929,27650930,GSM1669090_peak_374,98.78886
chr6,27668687,27668688,GSM1669090_peak_375,24.39567
chr6,27670562,27670563,GSM1669090_peak_376,19.40177
chr6,27672422,27672423,GSM1669090_peak_377,23.25608
chr6,27684709,27684710,GSM1669090_peak_378,38.25847
chr6,27688267,27688268,GSM1669090_peak_379,62.59711
chr6,27721142,27721143,GSM1669090_peak_380,17.58825
chr6,27726799,27726800,GSM1669090_peak_381,20.40777
chr6,27753470,27753471,GSM1669090_peak_382,65.34324
chr6,27777917,27777918,GSM1669090_peak_383,13.67542
chr6,27791337,27791338,GSM1669090_peak_384,68.99104
chr6,27795892,27795893,GSM1669090_peak_385,90.00241
chr6,27902924,27902925,GSM1669090_peak_386,86.76148
chr6,28213113,28213114,GSM1669090_peak_387,65.73247
chr6,28474584,28474585,GSM1669090_peak_388,70.49155
chr6,28488995,28488996,GSM1669090_peak_389,24.75303
chr6,28543108,28543109,GSM1669090_peak_390,96.31364
chr6,28589452,28589453,GSM1669090_peak_391,78.43224
chr6,28597337,28597338,GSM1669090_peak_392,28.61963
chr6,28607223,28607224,GSM1669090_peak_393,55.78963
chr6,28643511,28643512,GSM1669090_peak_394,26.75362
chr6,28648211,28648212,GSM1669090_peak_395,47.35875
chr6,28658274,28658275,GSM1669090_peak_396,116.75637
chr6,28673858,28673859,GSM1669090_peak_397,93.706
chr6,28695951,28695952,GSM1669090_peak_398,29.63931
chr6,28710601,28710602,GSM1669090_peak_399,10.99504
chr6,28719820,28719821,GSM1669090_peak_400,12.04042
chr6,28729367,28729368,GSM1669090_peak_401,76.69527
chr6,28735444,28735445,GSM1669090_peak_402,33.01919
chr6,28742938,28742939,GSM1669090_peak_403,9.72395
chr6,28747792,28747793,GSM1669090_peak_404,32.92678
chr6,28758365,28758366,GSM1669090_peak_405,11.00432
chr6,28789767,28789768,GSM1669090_peak_406,50.29575
chr6,28790776,28790777,GSM1669090_peak_407,16.19001
chr6,28795964,28795965,GSM1669090_peak_408,84.85418
chr6,28802736,28802737,GSM1669090_peak_409,22.9782
chr6,28807853,28807854,GSM1669090_peak_410,58.71249
chr6,28812102,28812103,GSM1669090_peak_411,31.23294
chr6,28817229,28817230,GSM1669090_peak_412,33.38916
chr6,28838436,28838437,GSM1669090_peak_413,72.10771
chr6,28863703,28863704,GSM1669090_peak_414,43.58964
chr6,28881480,28881481,GSM1669090_peak_415,48.07523
chr6,28896285,28896286,GSM1669090_peak_416,105.68513
chr6,28941099,28941100,GSM1669090_peak_417,62.49607
chr6,28941601,28941602,GSM1669090_peak_418,28.50461
chr6,28944643,28944644,GSM1669090_peak_419,66.10723
chr6,28951081,28951082,GSM1669090_peak_420,78.40582
chr6,28953254,28953255,GSM1669090_peak_421,50.98369
chr6,28981663,28981664,GSM1669090_peak_422,20.84986
chr6,28982275,28982276,GSM1669090_peak_423,97.9264
chr6,52995881,52995882,GSM1669090_peak_424,33.15201
chr6,125780249,125780250,GSM1669090_peak_425,100.0535
chr6,144216596,144216597,GSM1669090_peak_426,108.4385
chr7,56373547,56373548,GSM1669090_peak_427,10.06201
chr7,58033190,58033191,GSM1669090_peak_428,31.06502
chr7,58434589,58434590,GSM1669090_peak_429,10.06201
chr7,65490018,65490019,GSM1669090_peak_430,5.41141
chr7,128783465,128783466,GSM1669090_peak_431,9.39496
chr7,139340764,139340765,GSM1669090_peak_432,111.45493
chr7,148941536,148941537,GSM1669090_peak_433,48.37579
chr7,148963412,148963413,GSM1669090_peak_434,28.9848
chr7,148983829,148983830,GSM1669090_peak_435,50.73904
chr7,148987181,148987182,GSM1669090_peak_436,36.21518
chr7,149310243,149310244,GSM1669090_peak_437,27.98456
chr7,149355673,149355674,GSM1669090_peak_438,71.19566
chr7,149664889,149664890,GSM1669090_peak_439,18.76314
chr7,149691165,149691166,GSM1669090_peak_440,78.5507
chr7,149707741,149707742,GSM1669090_peak_441,80.54153
chr7,158147545,158147546,GSM1669090_peak_442,10.9043
chr7,158595267,158595268,GSM1669090_peak_443,16.44912
chr8,43237780,43237781,GSM1669090_peak_444,23.72432
chr8,66113396,66113397,GSM1669090_peak_445,103.61022
chr8,66114289,66114290,GSM1669090_peak_446,16.96043
chr8,85660311,85660312,GSM1669090_peak_447,8.13181
chr8,85743044,85743045,GSM1669090_peak_448,18.54706
chr8,95269650,95269651,GSM1669090_peak_449,171.38321
chr8,98507795,98507796,GSM1669090_peak_450,6.19276
chr8,123157249,123157250,GSM1669090_peak_451,205.12775
chr8,143669579,143669580,GSM1669090_peak_452,12.96151
chr8,144125870,144125871,GSM1669090_peak_453,13.84551
chr9,14433951,14433952,GSM1669090_peak_454,6.48457
chr9,35657880,35657881,GSM1669090_peak_455,50.43959
chr9,41229610,41229611,GSM1669090_peak_456,12.85915
chr9,42900365,42900366,GSM1669090_peak_457,32.97329
chr9,43319414,43319415,GSM1669090_peak_458,10.72897
chr9,43319951,43319952,GSM1669090_peak_459,8.9615
chr9,63823697,63823698,GSM1669090_peak_460,9.59703
chr9,70038214,70038215,GSM1669090_peak_461,39.34005
chr9,128340099,128340100,GSM1669090_peak_462,10.85449
chr9,133588616,133588617,GSM1669090_peak_463,8.71125
chr9,134164505,134164506,GSM1669090_peak_464,40.2937
chr9,137355698,137355699,GSM1669090_peak_465,8.71125
chrX,18674946,18674947,GSM1669090_peak_466,107.94719
chrX,47802716,47802717,GSM1669090_peak_467,17.42819
chrX,59487581,59487582,GSM1669090_peak_468,13.11279
chrY,10746932,10746933,GSM1669090_peak_469,13.29558
chrY,10880705,10880706,GSM1669090_peak_470,6.92688
chrY,10907741,10907742,GSM1669090_peak_471,15.12899
chrY,10911679,10911680,GSM1669090_peak_472,23.87618
chrY,10920889,10920890,GSM1669090_peak_473,25.72211
chrY,10973790,10973791,GSM1669090_peak_474,9.87402
chrY,10999926,10999927,GSM1669090_peak_475,22.45287
chrY,11305395,11305396,GSM1669090_peak_476,63.46333
chrY,11334369,11334370,GSM1669090_peak_477,24.5351
chrY,11494947,11494948,GSM1669090_peak_478,10.06201
chrY,11525304,11525305,GSM1669090_peak_479,33.17337
chrY,11659997,11659998,GSM1669090_peak_480,18.54706
chrY,11680391,11680392,GSM1669090_peak_481,11.0607
chrY,11692967,11692968,GSM1669090_peak_482,6.74186
chrY,11721931,11721932,GSM1669090_peak_483,10.3214
chrY,11731132,11731133,GSM1669090_peak_484,10.20753
chrY,11731305,11731306,GSM1669090_peak_485,9.28009
chrY,11749115,11749116,GSM1669090_peak_486,16.32466
