"","x"
"1","ENSG00000121552"
"2","ENSG00000133316"
"3","ENSG00000138650"
"4","ENSG00000143153"
"5","ENSG00000154654"
"6","ENSG00000167232"
"7","ENSG00000183246"
"8","ENSG00000183741"
"9","ENSG00000242265"
"10","ENSG00000276776"
"11","ENSG00000162989"
"12","ENSG00000128641"
"13","ENSG00000187837"
"14","ENSG00000144369"
"15","ENSG00000145147"
"16","ENSG00000127914"
"17","ENSG00000184260"
"18","ENSG00000249072"
"19","ENSG00000277443"
"20","ENSG00000203811"
"21","ENSG00000123636"
"22","ENSG00000143341"
"23","ENSG00000232196"
"24","ENSG00000172292"
"25","ENSG00000117461"
"26","ENSG00000095739"
"27","ENSG00000067715"
"28","ENSG00000158373"
"29","ENSG00000152818"
"30","ENSG00000196747"
"31","ENSG00000273542"
"32","ENSG00000115760"
"33","ENSG00000255823"
"34","ENSG00000005810"
"35","ENSG00000203812"
"36","ENSG00000168143"
"37","ENSG00000196787"
"38","ENSG00000269028"
"39","ENSG00000064787"
"40","ENSG00000270882"
"41","ENSG00000138593"
"42","ENSG00000273802"
"43","ENSG00000275713"
"44","ENSG00000180596"
"45","ENSG00000166446"
"46","ENSG00000204740"
"47","ENSG00000112297"
"48","ENSG00000070081"
"49","ENSG00000134909"
"50","ENSG00000041353"
"51","ENSG00000129003"
"52","ENSG00000092439"
"53","ENSG00000203814"
"54","ENSG00000273983"
"55","ENSG00000168298"
"56","ENSG00000184226"
"57","ENSG00000158406"
"58","ENSG00000050405"
"59","ENSG00000140396"
"60","ENSG00000137393"
"61","ENSG00000165379"
"62","ENSG00000173598"
"63","ENSG00000134245"
"64","ENSG00000124575"
"65","ENSG00000282017"
"66","ENSG00000168743"
"67","ENSG00000146676"
"68","ENSG00000112379"
"69","ENSG00000138448"
"70","ENSG00000270188"
"71","ENSG00000055609"
"72","ENSG00000156011"
"73","ENSG00000173230"
"74","ENSG00000102189"
"75","ENSG00000114770"
"76","ENSG00000137497"
"77","ENSG00000110090"
"78","ENSG00000197714"
"79","ENSG00000134313"
"80","ENSG00000131238"
"81","ENSG00000124171"
"82","ENSG00000165959"
"83","ENSG00000108375"
"84","ENSG00000184357"
"85","ENSG00000181826"
"86","ENSG00000274267"
"87","ENSG00000178568"
"88","ENSG00000121316"
"89","ENSG00000150760"
"90","ENSG00000277075"
"91","ENSG00000196866"
"92","ENSG00000173890"
"93","ENSG00000276368"
"94","ENSG00000115919"
"95","ENSG00000009954"
"96","ENSG00000233369"
"97","ENSG00000151458"
"98","ENSG00000115963"
"99","ENSG00000197961"
"100","ENSG00000112697"
"101","ENSG00000171862"
"102","ENSG00000128849"
"103","ENSG00000096696"
"104","ENSG00000103657"
"105","ENSG00000182168"
"106","ENSG00000196834"
"107","ENSG00000168843"
"108","ENSG00000197409"
"109","ENSG00000136536"
"110","ENSG00000141736"
"111","ENSG00000115290"
"112","ENSG00000079841"
"113","ENSG00000079691"
"114","ENSG00000124098"
"115","ENSG00000100815"
"116","ENSG00000101745"
"117","ENSG00000111052"
"118","ENSG00000198740"
"119","ENSG00000070214"
"120","ENSG00000163961"
"121","ENSG00000183598"
"122","ENSG00000213463"
"123","ENSG00000138764"
"124","ENSG00000169083"
"125","ENSG00000185130"
"126","ENSG00000257315"
"127","ENSG00000154153"
"128","ENSG00000278828"
"129","ENSG00000256618"
"130","ENSG00000277053"
"131","ENSG00000142687"
"132","ENSG00000115271"
"133","ENSG00000109654"
"134","ENSG00000187172"
"135","ENSG00000145526"
"136","ENSG00000274641"
"137","ENSG00000143748"
"138","ENSG00000277224"
"139","ENSG00000274129"
"140","ENSG00000139324"
"141","ENSG00000117859"
"142","ENSG00000169071"
"143","ENSG00000136205"
"144","ENSG00000104517"
"145","ENSG00000107518"
"146","ENSG00000198125"
"147","ENSG00000103479"
"148","ENSG00000156711"
"149","ENSG00000114796"
"150","ENSG00000169855"
"151","ENSG00000129292"
"152","ENSG00000119231"
"153","ENSG00000197238"
"154","ENSG00000274290"
"155","ENSG00000183091"
"156","ENSG00000059758"
"157","ENSG00000099250"
"158","ENSG00000160179"
"159","ENSG00000150347"
"160","ENSG00000151893"
"161","ENSG00000050030"
"162","ENSG00000099219"
"163","ENSG00000165322"
"164","ENSG00000120885"
"165","ENSG00000198948"
"166","ENSG00000118058"
"167","ENSG00000175895"
"168","ENSG00000183530"
"169","ENSG00000135677"
"170","ENSG00000109099"
"171","ENSG00000171631"
"172","ENSG00000124151"
"173","ENSG00000113494"
"174","ENSG00000130338"
"175","ENSG00000136603"
"176","ENSG00000276966"
"177","ENSG00000156103"
"178","ENSG00000223957"
"179","ENSG00000099290"
"180","ENSG00000143320"
"181","ENSG00000087076"
"182","ENSG00000052126"
"183","ENSG00000135968"
"184","ENSG00000124177"
"185","ENSG00000137501"
"186","ENSG00000078177"
"187","ENSG00000164938"
"188","ENSG00000253945"
"189","ENSG00000123104"
"190","ENSG00000124406"
"191","ENSG00000184270"
"192","ENSG00000162924"
"193","ENSG00000148943"
"194","ENSG00000113532"
"195","ENSG00000106261"
"196","ENSG00000274997"
"197","ENSG00000101972"
"198","ENSG00000166387"
"199","ENSG00000157514"
"200","ENSG00000237155"
"201","ENSG00000130066"
"202","ENSG00000165699"
"203","ENSG00000137642"
"204","ENSG00000102908"
"205","ENSG00000100234"
"206","ENSG00000172845"
"207","ENSG00000145012"
"208","ENSG00000125637"
"209","ENSG00000110422"
"210","ENSG00000184205"
"211","ENSG00000197128"
"212","ENSG00000182670"
"213","ENSG00000084093"
"214","ENSG00000188647"
"215","ENSG00000159399"
"216","ENSG00000187097"
"217","ENSG00000165997"
"218","ENSG00000124942"
"219","ENSG00000072135"
"220","ENSG00000107890"
"221","ENSG00000164190"
"222","ENSG00000249242"
"223","ENSG00000054654"
"224","ENSG00000157764"
"225","ENSG00000152926"
"226","ENSG00000172795"
"227","ENSG00000117868"
"228","ENSG00000071537"
"229","ENSG00000124635"
"230","ENSG00000196576"
"231","ENSG00000173281"
"232","ENSG00000205189"
"233","ENSG00000146757"
"234","ENSG00000135090"
"235","ENSG00000124429"
"236","ENSG00000109458"
"237","ENSG00000096006"
"238","ENSG00000153561"
"239","ENSG00000115339"
"240","ENSG00000185278"
"241","ENSG00000147813"
"242","ENSG00000169862"
"243","ENSG00000187257"
"244","ENSG00000154930"
"245","ENSG00000120594"
"246","ENSG00000136235"
"247","ENSG00000204843"
"248","ENSG00000164463"
"249","ENSG00000217128"
"250","ENSG00000186260"
"251","ENSG00000153046"
"252","ENSG00000174485"
"253","ENSG00000115267"
"254","ENSG00000044524"
"255","ENSG00000100201"
"256","ENSG00000163682"
"257","ENSG00000115020"
"258","ENSG00000135870"
"259","ENSG00000170027"
"260","ENSG00000095787"
"261","ENSG00000198718"
"262","ENSG00000234287"
"263","ENSG00000104765"
"264","ENSG00000070961"
"265","ENSG00000198721"
"266","ENSG00000135999"
"267","ENSG00000174738"
"268","ENSG00000198964"
"269","ENSG00000204219"
"270","ENSG00000081923"
"271","ENSG00000257093"
"272","ENSG00000241399"
"273","ENSG00000001629"
"274","ENSG00000205730"
"275","ENSG00000097096"
"276","ENSG00000085224"
"277","ENSG00000109670"
"278","ENSG00000072121"
"279","ENSG00000169018"
"280","ENSG00000066455"
"281","ENSG00000169905"
"282","ENSG00000145808"
"283","ENSG00000198417"
"284","ENSG00000107290"
"285","ENSG00000078674"
"286","ENSG00000196950"
"287","ENSG00000100784"
"288","ENSG00000178053"
"289","ENSG00000198142"
"290","ENSG00000144357"
"291","ENSG00000197153"
"292","ENSG00000172915"
"293","ENSG00000198146"
"294","ENSG00000124493"
"295","ENSG00000198538"
"296","ENSG00000176641"
"297","ENSG00000071205"
"298","ENSG00000196914"
"299","ENSG00000176928"
"300","ENSG00000150054"
"301","ENSG00000177853"
"302","ENSG00000256045"
"303","ENSG00000213694"
"304","ENSG00000173041"
"305","ENSG00000160695"
"306","ENSG00000187244"
"307","ENSG00000137145"
"308","ENSG00000182606"
"309","ENSG00000138185"
"310","ENSG00000140022"
"311","ENSG00000164327"
"312","ENSG00000029364"
"313","ENSG00000185658"
"314","ENSG00000167766"
"315","ENSG00000274750"
"316","ENSG00000276903"
"317","ENSG00000153214"
"318","ENSG00000166575"
"319","ENSG00000196262"
"320","ENSG00000170379"
"321","ENSG00000049246"
"322","ENSG00000155744"
"323","ENSG00000174197"
"324","ENSG00000110723"
"325","ENSG00000158089"
"326","ENSG00000196233"
"327","ENSG00000277157"
"328","ENSG00000136153"
"329","ENSG00000204434"
"330","ENSG00000115966"
"331","ENSG00000113719"
"332","ENSG00000188994"
"333","ENSG00000115306"
"334","ENSG00000143774"
"335","ENSG00000160305"
"336","ENSG00000197892"
"337","ENSG00000133142"
"338","ENSG00000164168"
"339","ENSG00000180573"
"340","ENSG00000137831"
"341","ENSG00000173064"
"342","ENSG00000205133"
"343","ENSG00000138029"
"344","ENSG00000164187"
"345","ENSG00000188177"
"346","ENSG00000198938"
"347","ENSG00000176771"
"348","ENSG00000196220"
"349","ENSG00000127603"
"350","ENSG00000183054"
"351","ENSG00000052723"
"352","ENSG00000163898"
"353","ENSG00000128923"
"354","ENSG00000062038"
"355","ENSG00000196214"
"356","ENSG00000005469"
"357","ENSG00000117000"
"358","ENSG00000155097"
"359","ENSG00000166734"
"360","ENSG00000114573"
"361","ENSG00000145390"
"362","ENSG00000151914"
"363","ENSG00000109436"
"364","ENSG00000049759"
"365","ENSG00000157259"
"366","ENSG00000081320"
"367","ENSG00000214425"
"368","ENSG00000196912"
"369","ENSG00000197008"
"370","ENSG00000106780"
"371","ENSG00000064651"
"372","ENSG00000075568"
"373","ENSG00000213281"
"374","ENSG00000198707"
"375","ENSG00000263001"
"376","ENSG00000113594"
"377","ENSG00000126775"
"378","ENSG00000106443"
"379","ENSG00000198961"
"380","ENSG00000080561"
"381","ENSG00000100697"
"382","ENSG00000144452"
"383","ENSG00000114993"
"384","ENSG00000128881"
"385","ENSG00000167315"
"386","ENSG00000058668"
"387","ENSG00000110344"
"388","ENSG00000116133"
"389","ENSG00000103528"
"390","ENSG00000143761"
"391","ENSG00000198315"
"392","ENSG00000100380"
"393","ENSG00000047056"
"394","ENSG00000131018"
"395","ENSG00000100625"
"396","ENSG00000158290"
"397","ENSG00000165417"
"398","ENSG00000131845"
"399","ENSG00000115145"
"400","ENSG00000082438"
"401","ENSG00000236699"
"402","ENSG00000141441"
"403","ENSG00000103994"
"404","ENSG00000048649"
"405","ENSG00000171428"
"406","ENSG00000151779"
"407","ENSG00000116747"
"408","ENSG00000136167"
"409","ENSG00000165140"
"410","ENSG00000198160"
"411","ENSG00000076864"
"412","ENSG00000133401"
"413","ENSG00000089063"
"414","ENSG00000198887"
"415","ENSG00000086758"
"416","ENSG00000106052"
"417","ENSG00000266714"
"418","ENSG00000150867"
"419","ENSG00000116127"
"420","ENSG00000213614"
"421","ENSG00000104763"
"422","ENSG00000003436"
"423","ENSG00000104133"
"424","ENSG00000104447"
"425","ENSG00000077097"
"426","ENSG00000110367"
"427","ENSG00000155368"
"428","ENSG00000204128"
"429","ENSG00000204524"
"430","ENSG00000135211"
"431","ENSG00000091831"
"432","ENSG00000032219"
"433","ENSG00000196151"
"434","ENSG00000274070"
"435","ENSG00000110075"
"436","ENSG00000078114"
"437","ENSG00000134755"
"438","ENSG00000113387"
"439","ENSG00000143776"
"440","ENSG00000073803"
"441","ENSG00000066739"
"442","ENSG00000198743"
"443","ENSG00000196247"
"444","ENSG00000123572"
"445","ENSG00000164309"
"446","ENSG00000087086"
"447","ENSG00000132849"
"448","ENSG00000136560"
"449","ENSG00000124466"
"450","ENSG00000137942"
"451","ENSG00000144283"
"452","ENSG00000100129"
"453","ENSG00000083223"
"454","ENSG00000125148"
"455","ENSG00000114062"
"456","ENSG00000146648"
"457","ENSG00000166710"
"458","ENSG00000152443"
"459","ENSG00000165156"
"460","ENSG00000117335"
"461","ENSG00000079257"
"462","ENSG00000278637"
"463","ENSG00000138604"
"464","ENSG00000149177"
"465","ENSG00000277606"
"466","ENSG00000105514"
"467","ENSG00000197061"
"468","ENSG00000134716"
"469","ENSG00000159658"
"470","ENSG00000139220"
"471","ENSG00000123575"
"472","ENSG00000196511"
"473","ENSG00000135245"
"474","ENSG00000197081"
"475","ENSG00000234585"
"476","ENSG00000215030"
"477","ENSG00000075711"
"478","ENSG00000162600"
"479","ENSG00000189221"
"480","ENSG00000166377"
"481","ENSG00000100345"
"482","ENSG00000173889"
"483","ENSG00000111696"
"484","ENSG00000196935"
"485","ENSG00000127980"
"486","ENSG00000275714"
"487","ENSG00000068885"
"488","ENSG00000143376"
"489","ENSG00000170949"
"490","ENSG00000134318"
"491","ENSG00000109381"
"492","ENSG00000173175"
"493","ENSG00000101752"
"494","ENSG00000158301"
"495","ENSG00000170759"
"496","ENSG00000047410"
"497","ENSG00000146278"
"498","ENSG00000073921"
"499","ENSG00000163629"
"500","ENSG00000123607"
"501","ENSG00000189180"
"502","ENSG00000103534"
"503","ENSG00000030582"
"504","ENSG00000103485"
"505","ENSG00000188785"
"506","ENSG00000259479"
"507","ENSG00000136003"
"508","ENSG00000135535"
"509","ENSG00000143324"
"510","ENSG00000159388"
"511","ENSG00000108840"
"512","ENSG00000165240"
"513","ENSG00000172380"
"514","ENSG00000163635"
"515","ENSG00000278588"
"516","ENSG00000102910"
"517","ENSG00000066135"
"518","ENSG00000147852"
"519","ENSG00000114127"
"520","ENSG00000143416"
"521","ENSG00000205078"
"522","ENSG00000114315"
"523","ENSG00000163840"
"524","ENSG00000162378"
"525","ENSG00000196922"
"526","ENSG00000113580"
"527","ENSG00000175984"
"528","ENSG00000138398"
"529","ENSG00000132549"
"530","ENSG00000216490"
"531","ENSG00000198618"
"532","ENSG00000173480"
"533","ENSG00000063438"
"534","ENSG00000165813"
"535","ENSG00000088179"
"536","ENSG00000095951"
"537","ENSG00000130150"
"538","ENSG00000119801"
"539","ENSG00000147459"
"540","ENSG00000164961"
"541","ENSG00000169919"
"542","ENSG00000100359"
"543","ENSG00000198862"
"544","ENSG00000127990"
"545","ENSG00000101417"
"546","ENSG00000135837"
"547","ENSG00000112874"
"548","ENSG00000169118"
"549","ENSG00000065613"
"550","ENSG00000127481"
"551","ENSG00000197555"
"552","ENSG00000183354"
"553","ENSG00000108091"
"554","ENSG00000080345"
"555","ENSG00000184898"
"556","ENSG00000108510"
"557","ENSG00000092978"
"558","ENSG00000166510"
"559","ENSG00000196715"
"560","ENSG00000119906"
"561","ENSG00000075292"
"562","ENSG00000250722"
"563","ENSG00000156976"
"564","ENSG00000116209"
"565","ENSG00000159592"
"566","ENSG00000163346"
"567","ENSG00000139746"
"568","ENSG00000124486"
"569","ENSG00000173821"
"570","ENSG00000187210"
"571","ENSG00000197903"
"572","ENSG00000006576"
"573","ENSG00000123119"
"574","ENSG00000196917"
"575","ENSG00000139433"
"576","ENSG00000048392"
"577","ENSG00000172954"
"578","ENSG00000088538"
"579","ENSG00000197102"
"580","ENSG00000118898"
"581","ENSG00000196458"
"582","ENSG00000140199"
"583","ENSG00000083123"
"584","ENSG00000253882"
"585","ENSG00000174013"
"586","ENSG00000105176"
"587","ENSG00000173517"
"588","ENSG00000146729"
"589","ENSG00000100485"
"590","ENSG00000182400"
"591","ENSG00000073584"
"592","ENSG00000138688"
"593","ENSG00000277101"
"594","ENSG00000085871"
"595","ENSG00000103490"
"596","ENSG00000184349"
"597","ENSG00000100014"
"598","ENSG00000148143"
"599","ENSG00000270672"
"600","ENSG00000169967"
"601","ENSG00000172086"
"602","ENSG00000179454"
"603","ENSG00000145332"
"604","ENSG00000170185"
"605","ENSG00000077782"
"606","ENSG00000122779"
"607","ENSG00000049130"
"608","ENSG00000117139"
"609","ENSG00000113971"
"610","ENSG00000010017"
"611","ENSG00000273703"
"612","ENSG00000137845"
"613","ENSG00000157077"
"614","ENSG00000114861"
"615","ENSG00000141232"
"616","ENSG00000115084"
"617","ENSG00000030419"
"618","ENSG00000184384"
"619","ENSG00000238104"
"620","ENSG00000134982"
"621","ENSG00000101868"
"622","ENSG00000165272"
"623","ENSG00000278268"
"624","ENSG00000165494"
"625","ENSG00000100731"
"626","ENSG00000184203"
"627","ENSG00000058673"
"628","ENSG00000273656"
"629","ENSG00000004766"
"630","ENSG00000177144"
"631","ENSG00000102893"
"632","ENSG00000164684"
"633","ENSG00000198625"
"634","ENSG00000145725"
"635","ENSG00000124523"
"636","ENSG00000131378"
"637","ENSG00000169955"
"638","ENSG00000107897"
"639","ENSG00000234444"
"640","ENSG00000182919"
"641","ENSG00000178075"
"642","ENSG00000168288"
"643","ENSG00000237515"
"644","ENSG00000139354"
"645","ENSG00000131100"
"646","ENSG00000119844"
"647","ENSG00000147421"
"648","ENSG00000198804"
"649","ENSG00000172057"
"650","ENSG00000241878"
"651","ENSG00000134352"
"652","ENSG00000071282"
"653","ENSG00000142065"
"654","ENSG00000008869"
"655","ENSG00000160221"
"656","ENSG00000120262"
"657","ENSG00000154305"
"658","ENSG00000151135"
"659","ENSG00000082996"
"660","ENSG00000275793"
"661","ENSG00000182473"
"662","ENSG00000119900"
"663","ENSG00000241484"
"664","ENSG00000015171"
"665","ENSG00000277775"
"666","ENSG00000172992"
"667","ENSG00000077157"
"668","ENSG00000159873"
"669","ENSG00000180370"
"670","ENSG00000092847"
"671","ENSG00000168781"
"672","ENSG00000186329"
"673","ENSG00000112200"
"674","ENSG00000234058"
"675","ENSG00000179841"
"676","ENSG00000095585"
"677","ENSG00000065809"
"678","ENSG00000177917"
"679","ENSG00000104723"
"680","ENSG00000189241"
"681","ENSG00000142937"
"682","ENSG00000100554"
"683","ENSG00000147526"
"684","ENSG00000077235"
"685","ENSG00000278705"
"686","ENSG00000080546"
"687","ENSG00000189195"
"688","ENSG00000181555"
"689","ENSG00000118680"
"690","ENSG00000119938"
"691","ENSG00000272325"
"692","ENSG00000178229"
"693","ENSG00000189266"
"694","ENSG00000198040"
"695","ENSG00000049449"
"696","ENSG00000115380"
"697","ENSG00000205176"
"698","ENSG00000107282"
"699","ENSG00000144674"
"700","ENSG00000115594"
"701","ENSG00000001630"
"702","ENSG00000126787"
"703","ENSG00000197837"
"704","ENSG00000162670"
"705","ENSG00000254999"
"706","ENSG00000090863"
"707","ENSG00000184677"
"708","ENSG00000129595"
"709","ENSG00000213639"
"710","ENSG00000138592"
"711","ENSG00000135111"
"712","ENSG00000169242"
"713","ENSG00000072364"
"714","ENSG00000133983"
"715","ENSG00000153130"
"716","ENSG00000198342"
"717","ENSG00000166405"
"718","ENSG00000163960"
"719","ENSG00000033800"
"720","ENSG00000133256"
"721","ENSG00000137203"
"722","ENSG00000158691"
"723","ENSG00000083535"
"724","ENSG00000152558"
"725","ENSG00000170396"
"726","ENSG00000065361"
"727","ENSG00000277868"
"728","ENSG00000151150"
"729","ENSG00000113441"
"730","ENSG00000153317"
"731","ENSG00000129636"
"732","ENSG00000166439"
"733","ENSG00000156531"
"734","ENSG00000112414"
"735","ENSG00000165171"
"736","ENSG00000124788"
"737","ENSG00000153936"
"738","ENSG00000091317"
"739","ENSG00000111885"
"740","ENSG00000182150"
"741","ENSG00000196504"
"742","ENSG00000053254"
"743","ENSG00000147676"
"744","ENSG00000108239"
"745","ENSG00000146463"
"746","ENSG00000197312"
"747","ENSG00000274523"
"748","ENSG00000135913"
"749","ENSG00000197323"
"750","ENSG00000163904"
"751","ENSG00000183828"
"752","ENSG00000073605"
"753","ENSG00000163435"
"754","ENSG00000138760"
"755","ENSG00000164323"
"756","ENSG00000176542"
"757","ENSG00000137880"
"758","ENSG00000125945"
"759","ENSG00000162368"
"760","ENSG00000164300"
"761","ENSG00000113448"
"762","ENSG00000124145"
"763","ENSG00000185737"
"764","ENSG00000174718"
"765","ENSG00000115808"
"766","ENSG00000085741"
"767","ENSG00000197782"
"768","ENSG00000140264"
"769","ENSG00000189143"
"770","ENSG00000187672"
"771","ENSG00000186153"
"772","ENSG00000143797"
"773","ENSG00000185088"
"774","ENSG00000138942"
"775","ENSG00000118482"
"776","ENSG00000104687"
"777","ENSG00000140367"
"778","ENSG00000112851"
"779","ENSG00000233822"
"780","ENSG00000126804"
"781","ENSG00000186088"
"782","ENSG00000122644"
"783","ENSG00000230685"
"784","ENSG00000173930"
"785","ENSG00000278677"
"786","ENSG00000272886"
"787","ENSG00000084733"
"788","ENSG00000146587"
"789","ENSG00000136040"
"790","ENSG00000179981"
"791","ENSG00000197857"
"792","ENSG00000172465"
"793","ENSG00000145337"
"794","ENSG00000122378"
"795","ENSG00000186951"
"796","ENSG00000144455"
"797","ENSG00000058272"
"798","ENSG00000146247"
"799","ENSG00000114023"
"800","ENSG00000179627"
"801","ENSG00000116095"
"802","ENSG00000112282"
"803","ENSG00000013441"
"804","ENSG00000104611"
"805","ENSG00000275221"
"806","ENSG00000204217"
"807","ENSG00000140263"
"808","ENSG00000170004"
"809","ENSG00000227038"
"810","ENSG00000136111"
"811","ENSG00000278272"
"812","ENSG00000167110"
"813","ENSG00000092148"
"814","ENSG00000127022"
"815","ENSG00000145375"
"816","ENSG00000115183"
"817","ENSG00000105929"
"818","ENSG00000153560"
"819","ENSG00000112773"
"820","ENSG00000264343"
"821","ENSG00000111144"
"822","ENSG00000178162"
"823","ENSG00000278463"
"824","ENSG00000134086"
"825","ENSG00000148498"
"826","ENSG00000198482"
"827","ENSG00000107262"
"828","ENSG00000204611"
"829","ENSG00000165030"
"830","ENSG00000225830"
"831","ENSG00000177954"
"832","ENSG00000196890"
"833","ENSG00000181894"
"834","ENSG00000182831"
"835","ENSG00000100796"
"836","ENSG00000139926"
"837","ENSG00000121691"
"838","ENSG00000198835"
"839","ENSG00000234078"
"840","ENSG00000138336"
"841","ENSG00000082258"
"842","ENSG00000177694"
"843","ENSG00000155906"
"844","ENSG00000143753"
"845","ENSG00000100614"
"846","ENSG00000089335"
"847","ENSG00000213186"
"848","ENSG00000164649"
"849","ENSG00000100393"
"850","ENSG00000083520"
"851","ENSG00000214655"
"852","ENSG00000141738"
"853","ENSG00000162601"
"854","ENSG00000223951"
"855","ENSG00000154358"
"856","ENSG00000275379"
"857","ENSG00000162407"
"858","ENSG00000136813"
"859","ENSG00000144426"
"860","ENSG00000188211"
"861","ENSG00000076258"
"862","ENSG00000119139"
"863","ENSG00000130396"
"864","ENSG00000179152"
"865","ENSG00000152104"
"866","ENSG00000178988"
"867","ENSG00000104081"
"868","ENSG00000175582"
"869","ENSG00000061987"
"870","ENSG00000174501"
"871","ENSG00000168575"
"872","ENSG00000077380"
"873","ENSG00000149346"
"874","ENSG00000001631"
"875","ENSG00000164329"
"876","ENSG00000124374"
"877","ENSG00000082898"
"878","ENSG00000122565"
"879","ENSG00000065883"
"880","ENSG00000101384"
"881","ENSG00000131263"
"882","ENSG00000149311"
"883","ENSG00000161243"
"884","ENSG00000218336"
"885","ENSG00000122584"
"886","ENSG00000047634"
"887","ENSG00000278087"
"888","ENSG00000264522"
"889","ENSG00000153246"
"890","ENSG00000117595"
"891","ENSG00000170921"
"892","ENSG00000051108"
"893","ENSG00000231500"
"894","ENSG00000105856"
"895","ENSG00000126822"
"896","ENSG00000156642"
"897","ENSG00000151338"
"898","ENSG00000171105"
"899","ENSG00000162999"
"900","ENSG00000164944"
"901","ENSG00000172239"
"902","ENSG00000162645"
"903","ENSG00000156113"
"904","ENSG00000049323"
"905","ENSG00000157741"
"906","ENSG00000163625"
"907","ENSG00000183648"
"908","ENSG00000280830"
"909","ENSG00000137177"
"910","ENSG00000109929"
"911","ENSG00000119711"
"912","ENSG00000196227"
"913","ENSG00000118733"
"914","ENSG00000160703"
"915","ENSG00000132466"
"916","ENSG00000187240"
"917","ENSG00000165730"
"918","ENSG00000145391"
"919","ENSG00000084710"
"920","ENSG00000237289"
"921","ENSG00000244398"
"922","ENSG00000198668"
"923","ENSG00000120860"
"924","ENSG00000130779"
"925","ENSG00000005700"
"926","ENSG00000163820"
"927","ENSG00000111670"
"928","ENSG00000147669"
"929","ENSG00000009307"
"930","ENSG00000166263"
"931","ENSG00000176209"
"932","ENSG00000117151"
"933","ENSG00000148730"
"934","ENSG00000179387"
"935","ENSG00000146433"
"936","ENSG00000075539"
"937","ENSG00000025800"
"938","ENSG00000138078"
"939","ENSG00000174021"
"940","ENSG00000198039"
"941","ENSG00000126524"
"942","ENSG00000165516"
"943","ENSG00000100578"
"944","ENSG00000223572"
"945","ENSG00000112893"
"946","ENSG00000167202"
"947","ENSG00000172071"
"948","ENSG00000184661"
"949","ENSG00000139697"
"950","ENSG00000253910"
"951","ENSG00000135069"
"952","ENSG00000214530"
"953","ENSG00000100503"
"954","ENSG00000054965"
"955","ENSG00000269343"
"956","ENSG00000178567"
"957","ENSG00000112992"
"958","ENSG00000267740"
"959","ENSG00000083168"
"960","ENSG00000143061"
"961","ENSG00000166471"
"962","ENSG00000072415"
"963","ENSG00000188811"
"964","ENSG00000084676"
"965","ENSG00000166704"
"966","ENSG00000159579"
"967","ENSG00000261992"
"968","ENSG00000138413"
"969","ENSG00000117724"
"970","ENSG00000109323"
"971","ENSG00000163728"
"972","ENSG00000187091"
"973","ENSG00000138658"
"974","ENSG00000100354"
"975","ENSG00000039319"
"976","ENSG00000151276"
"977","ENSG00000119681"
"978","ENSG00000142197"
"979","ENSG00000100207"
"980","ENSG00000196268"
"981","ENSG00000275052"
"982","ENSG00000143952"
"983","ENSG00000053770"
"984","ENSG00000224040"
"985","ENSG00000115648"
"986","ENSG00000185104"
"987","ENSG00000134138"
"988","ENSG00000163083"
"989","ENSG00000120549"
"990","ENSG00000113810"
"991","ENSG00000239779"
"992","ENSG00000229006"
"993","ENSG00000241258"
"994","ENSG00000165669"
"995","ENSG00000198189"
"996","ENSG00000277221"
"997","ENSG00000162636"
"998","ENSG00000135164"
"999","ENSG00000151366"
"1000","ENSG00000071794"
"1001","ENSG00000104419"
"1002","ENSG00000116539"
"1003","ENSG00000149582"
"1004","ENSG00000103769"
"1005","ENSG00000127993"
"1006","ENSG00000171988"
"1007","ENSG00000156030"
"1008","ENSG00000163041"
"1009","ENSG00000197050"
"1010","ENSG00000136754"
"1011","ENSG00000157502"
"1012","ENSG00000146414"
"1013","ENSG00000238150"
"1014","ENSG00000184845"
"1015","ENSG00000151882"
"1016","ENSG00000137364"
"1017","ENSG00000143390"
"1018","ENSG00000140323"
"1019","ENSG00000005020"
"1020","ENSG00000230189"
"1021","ENSG00000100403"
"1022","ENSG00000114439"
"1023","ENSG00000043093"
"1024","ENSG00000138660"
"1025","ENSG00000085365"
"1026","ENSG00000104164"
"1027","ENSG00000116406"
"1028","ENSG00000184154"
"1029","ENSG00000109475"
"1030","ENSG00000168672"
"1031","ENSG00000166503"
"1032","ENSG00000106524"
"1033","ENSG00000130544"
"1034","ENSG00000170385"
"1035","ENSG00000150712"
"1036","ENSG00000008086"
"1037","ENSG00000172869"
"1038","ENSG00000125107"
"1039","ENSG00000213762"
"1040","ENSG00000146376"
"1041","ENSG00000172007"
"1042","ENSG00000005889"
"1043","ENSG00000163527"
"1044","ENSG00000164830"
"1045","ENSG00000136144"
"1046","ENSG00000158711"
"1047","ENSG00000156050"
"1048","ENSG00000196267"
"1049","ENSG00000123094"
"1050","ENSG00000151148"
"1051","ENSG00000050393"
"1052","ENSG00000130653"
"1053","ENSG00000128000"
"1054","ENSG00000082213"
"1055","ENSG00000266179"
"1056","ENSG00000151694"
"1057","ENSG00000162613"
"1058","ENSG00000111110"
"1059","ENSG00000027075"
"1060","ENSG00000196911"
"1061","ENSG00000273673"
"1062","ENSG00000166669"
"1063","ENSG00000133422"
"1064","ENSG00000163798"
"1065","ENSG00000186575"
"1066","ENSG00000067900"
"1067","ENSG00000136682"
"1068","ENSG00000188372"
"1069","ENSG00000198420"
"1070","ENSG00000101350"
"1071","ENSG00000106078"
"1072","ENSG00000180964"
"1073","ENSG00000159348"
"1074","ENSG00000123983"
"1075","ENSG00000116171"
"1076","ENSG00000137492"
"1077","ENSG00000189319"
"1078","ENSG00000152582"
"1079","ENSG00000089177"
"1080","ENSG00000255529"
"1081","ENSG00000138433"
"1082","ENSG00000175387"
"1083","ENSG00000116580"
"1084","ENSG00000278129"
"1085","ENSG00000270629"
"1086","ENSG00000102547"
"1087","ENSG00000127720"
"1088","ENSG00000149262"
"1089","ENSG00000274618"
"1090","ENSG00000161970"
"1091","ENSG00000134419"
"1092","ENSG00000183067"
"1093","ENSG00000101751"
"1094","ENSG00000225356"
"1095","ENSG00000138778"
"1096","ENSG00000124789"
"1097","ENSG00000136731"
"1098","ENSG00000173692"
"1099","ENSG00000188554"
"1100","ENSG00000166477"
"1101","ENSG00000107864"
"1102","ENSG00000137770"
"1103","ENSG00000105810"
"1104","ENSG00000095564"
"1105","ENSG00000166262"
"1106","ENSG00000003989"
"1107","ENSG00000197024"
"1108","ENSG00000170471"
"1109","ENSG00000188559"
"1110","ENSG00000067064"
"1111","ENSG00000244754"
"1112","ENSG00000152223"
"1113","ENSG00000101596"
"1114","ENSG00000156411"
"1115","ENSG00000213462"
"1116","ENSG00000265972"
"1117","ENSG00000125304"
"1118","ENSG00000118961"
"1119","ENSG00000173210"
"1120","ENSG00000168566"
"1121","ENSG00000189308"
"1122","ENSG00000151461"
"1123","ENSG00000171617"
"1124","ENSG00000167074"
"1125","ENSG00000197056"
"1126","ENSG00000131374"
"1127","ENSG00000108582"
"1128","ENSG00000081665"
"1129","ENSG00000177565"
"1130","ENSG00000152601"
"1131","ENSG00000135387"
"1132","ENSG00000166801"
"1133","ENSG00000070759"
"1134","ENSG00000166200"
"1135","ENSG00000135976"
"1136","ENSG00000124839"
"1137","ENSG00000138867"
"1138","ENSG00000274423"
"1139","ENSG00000114331"
"1140","ENSG00000143970"
"1141","ENSG00000107854"
"1142","ENSG00000179119"
"1143","ENSG00000106004"
"1144","ENSG00000213799"
"1145","ENSG00000164144"
"1146","ENSG00000083828"
"1147","ENSG00000164715"
"1148","ENSG00000147419"
"1149","ENSG00000204406"
"1150","ENSG00000236418"
"1151","ENSG00000197013"
"1152","ENSG00000074696"
"1153","ENSG00000197619"
"1154","ENSG00000206281"
"1155","ENSG00000100320"
"1156","ENSG00000096654"
"1157","ENSG00000166454"
"1158","ENSG00000115935"
"1159","ENSG00000101966"
"1160","ENSG00000137337"
"1161","ENSG00000254004"
"1162","ENSG00000168803"
"1163","ENSG00000198815"
"1164","ENSG00000137312"
"1165","ENSG00000171055"
"1166","ENSG00000126870"
"1167","ENSG00000142192"
"1168","ENSG00000119778"
"1169","ENSG00000100284"
"1170","ENSG00000114166"
"1171","ENSG00000113851"
"1172","ENSG00000181218"
"1173","ENSG00000105516"
"1174","ENSG00000177076"
"1175","ENSG00000204514"
"1176","ENSG00000172661"
"1177","ENSG00000115904"
"1178","ENSG00000169629"
"1179","ENSG00000099246"
"1180","ENSG00000276262"
"1181","ENSG00000151553"
"1182","ENSG00000182957"
"1183","ENSG00000007944"
"1184","ENSG00000107745"
"1185","ENSG00000140543"
"1186","ENSG00000000457"
"1187","ENSG00000269743"
"1188","ENSG00000215158"
"1189","ENSG00000175105"
"1190","ENSG00000049245"
"1191","ENSG00000163590"
"1192","ENSG00000135374"
"1193","ENSG00000011258"
"1194","ENSG00000281039"
"1195","ENSG00000112739"
"1196","ENSG00000166441"
"1197","ENSG00000173349"
"1198","ENSG00000175745"
"1199","ENSG00000143924"
"1200","ENSG00000183513"
"1201","ENSG00000034713"
"1202","ENSG00000125633"
"1203","ENSG00000164237"
"1204","ENSG00000024526"
"1205","ENSG00000188130"
"1206","ENSG00000158528"
"1207","ENSG00000129534"
"1208","ENSG00000126351"
"1209","ENSG00000119514"
"1210","ENSG00000076555"
"1211","ENSG00000101888"
"1212","ENSG00000146151"
"1213","ENSG00000081870"
"1214","ENSG00000277222"
"1215","ENSG00000198270"
"1216","ENSG00000164169"
"1217","ENSG00000185219"
"1218","ENSG00000180787"
"1219","ENSG00000143751"
"1220","ENSG00000100281"
"1221","ENSG00000170832"
"1222","ENSG00000171466"
"1223","ENSG00000141756"
"1224","ENSG00000259288"
"1225","ENSG00000115841"
"1226","ENSG00000166946"
"1227","ENSG00000114805"
"1228","ENSG00000196405"
"1229","ENSG00000154114"
"1230","ENSG00000067369"
"1231","ENSG00000109270"
"1232","ENSG00000159256"
"1233","ENSG00000121406"
"1234","ENSG00000107968"
"1235","ENSG00000139163"
"1236","ENSG00000153827"
"1237","ENSG00000186812"
"1238","ENSG00000115109"
"1239","ENSG00000188153"
"1240","ENSG00000276291"
"1241","ENSG00000129422"
"1242","ENSG00000104067"
"1243","ENSG00000273814"
"1244","ENSG00000025039"
"1245","ENSG00000146085"
"1246","ENSG00000278613"
"1247","ENSG00000089902"
"1248","ENSG00000189136"
"1249","ENSG00000168300"
"1250","ENSG00000162604"
"1251","ENSG00000198252"
"1252","ENSG00000137815"
"1253","ENSG00000228474"
"1254","ENSG00000153922"
"1255","ENSG00000186522"
"1256","ENSG00000281766"
"1257","ENSG00000134294"
"1258","ENSG00000168679"
"1259","ENSG00000124201"
"1260","ENSG00000165507"
"1261","ENSG00000114742"
"1262","ENSG00000124782"
"1263","ENSG00000223756"
"1264","ENSG00000156052"
"1265","ENSG00000184454"
"1266","ENSG00000226788"
"1267","ENSG00000126107"
"1268","ENSG00000106049"
"1269","ENSG00000276644"
"1270","ENSG00000115159"
"1271","ENSG00000143951"
"1272","ENSG00000088387"
"1273","ENSG00000169710"
"1274","ENSG00000153714"
"1275","ENSG00000162105"
"1276","ENSG00000278458"
"1277","ENSG00000107984"
"1278","ENSG00000072803"
"1279","ENSG00000249709"
"1280","ENSG00000121417"
"1281","ENSG00000111859"
"1282","ENSG00000240303"
"1283","ENSG00000078687"
"1284","ENSG00000136710"
"1285","ENSG00000165525"
"1286","ENSG00000266412"
"1287","ENSG00000145715"
"1288","ENSG00000123091"
"1289","ENSG00000170903"
"1290","ENSG00000018610"
"1291","ENSG00000115827"
"1292","ENSG00000273686"
"1293","ENSG00000204991"
"1294","ENSG00000083642"
"1295","ENSG00000113742"
"1296","ENSG00000145476"
"1297","ENSG00000187792"
"1298","ENSG00000155085"
"1299","ENSG00000014641"
"1300","ENSG00000126088"
"1301","ENSG00000168014"
"1302","ENSG00000198162"
"1303","ENSG00000009413"
"1304","ENSG00000072736"
"1305","ENSG00000110492"
"1306","ENSG00000138036"
"1307","ENSG00000118412"
"1308","ENSG00000107560"
"1309","ENSG00000126016"
"1310","ENSG00000153147"
"1311","ENSG00000123200"
"1312","ENSG00000178202"
"1313","ENSG00000150093"
"1314","ENSG00000038382"
"1315","ENSG00000104490"
"1316","ENSG00000064313"
"1317","ENSG00000173198"
"1318","ENSG00000163939"
"1319","ENSG00000124496"
"1320","ENSG00000271383"
"1321","ENSG00000181450"
"1322","ENSG00000178974"
"1323","ENSG00000100888"
"1324","ENSG00000105939"
"1325","ENSG00000118689"
"1326","ENSG00000138430"
"1327","ENSG00000251634"
"1328","ENSG00000113790"
"1329","ENSG00000114739"
"1330","ENSG00000074603"
"1331","ENSG00000104671"
"1332","ENSG00000165650"
"1333","ENSG00000115561"
"1334","ENSG00000166689"
"1335","ENSG00000090339"
"1336","ENSG00000166509"
"1337","ENSG00000137936"
"1338","ENSG00000171456"
"1339","ENSG00000155313"
"1340","ENSG00000185442"
"1341","ENSG00000188895"
"1342","ENSG00000005893"
"1343","ENSG00000090013"
"1344","ENSG00000168350"
"1345","ENSG00000090615"
"1346","ENSG00000188033"
"1347","ENSG00000051825"
"1348","ENSG00000166266"
"1349","ENSG00000149260"
"1350","ENSG00000167741"
"1351","ENSG00000096093"
"1352","ENSG00000168813"
"1353","ENSG00000115421"
"1354","ENSG00000143772"
"1355","ENSG00000183666"
"1356","ENSG00000122482"
"1357","ENSG00000117472"
"1358","ENSG00000058799"
"1359","ENSG00000155729"
"1360","ENSG00000166128"
"1361","ENSG00000187605"
"1362","ENSG00000140153"
"1363","ENSG00000148481"
"1364","ENSG00000197140"
"1365","ENSG00000131747"
"1366","ENSG00000205765"
"1367","ENSG00000163964"
"1368","ENSG00000021300"
"1369","ENSG00000223345"
"1370","ENSG00000162415"
"1371","ENSG00000049860"
"1372","ENSG00000156931"
"1373","ENSG00000139144"
"1374","ENSG00000102580"
"1375","ENSG00000171148"
"1376","ENSG00000133985"
"1377","ENSG00000089775"
"1378","ENSG00000196418"
"1379","ENSG00000113638"
"1380","ENSG00000164751"
"1381","ENSG00000187446"
"1382","ENSG00000115947"
"1383","ENSG00000165392"
"1384","ENSG00000113369"
"1385","ENSG00000116641"
"1386","ENSG00000198237"
"1387","ENSG00000169241"
"1388","ENSG00000050426"
"1389","ENSG00000175073"
"1390","ENSG00000135974"
"1391","ENSG00000125398"
"1392","ENSG00000077935"
"1393","ENSG00000182117"
"1394","ENSG00000167562"
"1395","ENSG00000189283"
"1396","ENSG00000188917"
"1397","ENSG00000126070"
"1398","ENSG00000162961"
"1399","ENSG00000120805"
"1400","ENSG00000047346"
"1401","ENSG00000074527"
"1402","ENSG00000156671"
"1403","ENSG00000128791"
"1404","ENSG00000112685"
"1405","ENSG00000100362"
"1406","ENSG00000283294"
"1407","ENSG00000008294"
"1408","ENSG00000070770"
"1409","ENSG00000203965"
"1410","ENSG00000197818"
"1411","ENSG00000213753"
"1412","ENSG00000111058"
"1413","ENSG00000127483"
"1414","ENSG00000164983"
"1415","ENSG00000123066"
"1416","ENSG00000168036"
"1417","ENSG00000140859"
"1418","ENSG00000221890"
"1419","ENSG00000025293"
"1420","ENSG00000152454"
"1421","ENSG00000164039"
"1422","ENSG00000149646"
"1423","ENSG00000084070"
"1424","ENSG00000147050"
"1425","ENSG00000141699"
"1426","ENSG00000116574"
"1427","ENSG00000135093"
"1428","ENSG00000115540"
"1429","ENSG00000107779"
"1430","ENSG00000137804"
"1431","ENSG00000165105"
"1432","ENSG00000188801"
"1433","ENSG00000181315"
"1434","ENSG00000123609"
"1435","ENSG00000081014"
"1436","ENSG00000161217"
"1437","ENSG00000141376"
"1438","ENSG00000158158"
"1439","ENSG00000163428"
"1440","ENSG00000275111"
"1441","ENSG00000107036"
"1442","ENSG00000152766"
"1443","ENSG00000257800"
"1444","ENSG00000100206"
"1445","ENSG00000147548"
"1446","ENSG00000233836"
"1447","ENSG00000196083"
"1448","ENSG00000106682"
"1449","ENSG00000142864"
"1450","ENSG00000156735"
"1451","ENSG00000166145"
"1452","ENSG00000117523"
"1453","ENSG00000127989"
"1454","ENSG00000100271"
"1455","ENSG00000119636"
"1456","ENSG00000185432"
"1457","ENSG00000172466"
"1458","ENSG00000196782"
"1459","ENSG00000163558"
"1460","ENSG00000198464"
"1461","ENSG00000164307"
"1462","ENSG00000042445"
"1463","ENSG00000144724"
"1464","ENSG00000154710"
"1465","ENSG00000100360"
"1466","ENSG00000239402"
"1467","ENSG00000234539"
"1468","ENSG00000196549"
"1469","ENSG00000245680"
"1470","ENSG00000186481"
"1471","ENSG00000117448"
"1472","ENSG00000106789"
"1473","ENSG00000068784"
"1474","ENSG00000177613"
"1475","ENSG00000138496"
"1476","ENSG00000187398"
"1477","ENSG00000141258"
"1478","ENSG00000198840"
"1479","ENSG00000147162"
"1480","ENSG00000177034"
"1481","ENSG00000262209"
"1482","ENSG00000105778"
"1483","ENSG00000171681"
"1484","ENSG00000197943"
"1485","ENSG00000155330"
"1486","ENSG00000115233"
"1487","ENSG00000164010"
"1488","ENSG00000151136"
"1489","ENSG00000178718"
"1490","ENSG00000263266"
"1491","ENSG00000198168"
"1492","ENSG00000119760"
"1493","ENSG00000203799"
"1494","ENSG00000184924"
"1495","ENSG00000183808"
"1496","ENSG00000180229"
"1497","ENSG00000114790"
"1498","ENSG00000273749"
"1499","ENSG00000133943"
"1500","ENSG00000087301"
"1501","ENSG00000085760"
"1502","ENSG00000189171"
"1503","ENSG00000141741"
"1504","ENSG00000116898"
"1505","ENSG00000088812"
"1506","ENSG00000169871"
"1507","ENSG00000047365"
"1508","ENSG00000181192"
"1509","ENSG00000127081"
"1510","ENSG00000137941"
"1511","ENSG00000151617"
"1512","ENSG00000180233"
"1513","ENSG00000138468"
"1514","ENSG00000163161"
"1515","ENSG00000159023"
"1516","ENSG00000122484"
"1517","ENSG00000105136"
"1518","ENSG00000198087"
"1519","ENSG00000162521"
"1520","ENSG00000187123"
"1521","ENSG00000128699"
"1522","ENSG00000182903"
"1523","ENSG00000137500"
"1524","ENSG00000149932"
"1525","ENSG00000167653"
"1526","ENSG00000126698"
"1527","ENSG00000159915"
"1528","ENSG00000118454"
"1529","ENSG00000276787"
"1530","ENSG00000224470"
"1531","ENSG00000163788"
"1532","ENSG00000204822"
"1533","ENSG00000178235"
"1534","ENSG00000229944"
"1535","ENSG00000277562"
"1536","ENSG00000117115"
"1537","ENSG00000126778"
"1538","ENSG00000008952"
"1539","ENSG00000170776"
"1540","ENSG00000038219"
"1541","ENSG00000175938"
"1542","ENSG00000165512"
"1543","ENSG00000198874"
"1544","ENSG00000103599"
"1545","ENSG00000115446"
"1546","ENSG00000115204"
"1547","ENSG00000237296"
"1548","ENSG00000185352"
"1549","ENSG00000138386"
"1550","ENSG00000165572"
"1551","ENSG00000185798"
"1552","ENSG00000282944"
"1553","ENSG00000121989"
"1554","ENSG00000120008"
"1555","ENSG00000267041"
"1556","ENSG00000154342"
"1557","ENSG00000165312"
"1558","ENSG00000104783"
"1559","ENSG00000143578"
"1560","ENSG00000184381"
"1561","ENSG00000021776"
"1562","ENSG00000094631"
"1563","ENSG00000143379"
"1564","ENSG00000260916"
"1565","ENSG00000153250"
"1566","ENSG00000166971"
"1567","ENSG00000091157"
"1568","ENSG00000110768"
"1569","ENSG00000177888"
"1570","ENSG00000173660"
"1571","ENSG00000164142"
"1572","ENSG00000099968"
"1573","ENSG00000233830"
"1574","ENSG00000241549"
"1575","ENSG00000198712"
"1576","ENSG00000003402"
"1577","ENSG00000183323"
"1578","ENSG00000118762"
"1579","ENSG00000112996"
"1580","ENSG00000138380"
"1581","ENSG00000173334"
"1582","ENSG00000176994"
"1583","ENSG00000228499"
"1584","ENSG00000066427"
"1585","ENSG00000197863"
"1586","ENSG00000196646"
"1587","ENSG00000196172"
"1588","ENSG00000125814"
"1589","ENSG00000197279"
"1590","ENSG00000125676"
"1591","ENSG00000125962"
"1592","ENSG00000228532"
"1593","ENSG00000042062"
"1594","ENSG00000175216"
"1595","ENSG00000054118"
"1596","ENSG00000089682"
"1597","ENSG00000176155"
"1598","ENSG00000159208"
"1599","ENSG00000065243"
"1600","ENSG00000177728"
"1601","ENSG00000174106"
"1602","ENSG00000185808"
"1603","ENSG00000119669"
"1604","ENSG00000092964"
"1605","ENSG00000174353"
"1606","ENSG00000087884"
"1607","ENSG00000119471"
"1608","ENSG00000145241"
"1609","ENSG00000068796"
"1610","ENSG00000267216"
"1611","ENSG00000135945"
"1612","ENSG00000274391"
"1613","ENSG00000134247"
"1614","ENSG00000273897"
"1615","ENSG00000165983"
"1616","ENSG00000107954"
"1617","ENSG00000056097"
"1618","ENSG00000164951"
"1619","ENSG00000076770"
"1620","ENSG00000255112"
"1621","ENSG00000106460"
"1622","ENSG00000126267"
"1623","ENSG00000219626"
"1624","ENSG00000119820"
"1625","ENSG00000160551"
"1626","ENSG00000140262"
"1627","ENSG00000140043"
"1628","ENSG00000105708"
"1629","ENSG00000111846"
"1630","ENSG00000143793"
"1631","ENSG00000048707"
"1632","ENSG00000107077"
"1633","ENSG00000138600"
"1634","ENSG00000140259"
"1635","ENSG00000107771"
"1636","ENSG00000082458"
"1637","ENSG00000117036"
"1638","ENSG00000120875"
"1639","ENSG00000196502"
"1640","ENSG00000136492"
"1641","ENSG00000152527"
"1642","ENSG00000138796"
"1643","ENSG00000162086"
"1644","ENSG00000101901"
"1645","ENSG00000185947"
"1646","ENSG00000163702"
"1647","ENSG00000119899"
"1648","ENSG00000144306"
"1649","ENSG00000128833"
"1650","ENSG00000147862"
"1651","ENSG00000068305"
"1652","ENSG00000114779"
"1653","ENSG00000004897"
"1654","ENSG00000145348"
"1655","ENSG00000173276"
"1656","ENSG00000166938"
"1657","ENSG00000024048"
"1658","ENSG00000171150"
"1659","ENSG00000090581"
"1660","ENSG00000127952"
"1661","ENSG00000278787"
"1662","ENSG00000184831"
"1663","ENSG00000186272"
"1664","ENSG00000074201"
"1665","ENSG00000159423"
"1666","ENSG00000162775"
"1667","ENSG00000134444"
"1668","ENSG00000136738"
"1669","ENSG00000180777"
"1670","ENSG00000151806"
"1671","ENSG00000120451"
"1672","ENSG00000120798"
"1673","ENSG00000112419"
"1674","ENSG00000105426"
"1675","ENSG00000222038"
"1676","ENSG00000137414"
"1677","ENSG00000107669"
"1678","ENSG00000198466"
"1679","ENSG00000198265"
"1680","ENSG00000138134"
"1681","ENSG00000129103"
"1682","ENSG00000003147"
"1683","ENSG00000213228"
"1684","ENSG00000090238"
"1685","ENSG00000151611"
"1686","ENSG00000162980"
"1687","ENSG00000179163"
"1688","ENSG00000170502"
"1689","ENSG00000133026"
"1690","ENSG00000273598"
"1691","ENSG00000198799"
"1692","ENSG00000170340"
"1693","ENSG00000058729"
"1694","ENSG00000128915"
"1695","ENSG00000141295"
"1696","ENSG00000075413"
"1697","ENSG00000169902"
"1698","ENSG00000214029"
"1699","ENSG00000102683"
"1700","ENSG00000162402"
"1701","ENSG00000146054"
"1702","ENSG00000111897"
"1703","ENSG00000234289"
"1704","ENSG00000073614"
"1705","ENSG00000117475"
"1706","ENSG00000272602"
"1707","ENSG00000115128"
"1708","ENSG00000122912"
"1709","ENSG00000008277"
"1710","ENSG00000130363"
"1711","ENSG00000122008"
"1712","ENSG00000157216"
"1713","ENSG00000101782"
"1714","ENSG00000173905"
"1715","ENSG00000123739"
"1716","ENSG00000197841"
"1717","ENSG00000058063"
"1718","ENSG00000131127"
"1719","ENSG00000243335"
"1720","ENSG00000159712"
"1721","ENSG00000117305"
"1722","ENSG00000120784"
"1723","ENSG00000122674"
"1724","ENSG00000126522"
"1725","ENSG00000239389"
"1726","ENSG00000141446"
"1727","ENSG00000204519"
"1728","ENSG00000164659"
"1729","ENSG00000169519"
"1730","ENSG00000262576"
"1731","ENSG00000197694"
"1732","ENSG00000130803"
"1733","ENSG00000088280"
"1734","ENSG00000166289"
"1735","ENSG00000228451"
"1736","ENSG00000213178"
"1737","ENSG00000163808"
"1738","ENSG00000110066"
"1739","ENSG00000134575"
"1740","ENSG00000187848"
"1741","ENSG00000105483"
"1742","ENSG00000136943"
"1743","ENSG00000277149"
"1744","ENSG00000157450"
"1745","ENSG00000100099"
"1746","ENSG00000073417"
"1747","ENSG00000035115"
"1748","ENSG00000118855"
"1749","ENSG00000078618"
"1750","ENSG00000215630"
"1751","ENSG00000160323"
"1752","ENSG00000107643"
"1753","ENSG00000070367"
"1754","ENSG00000090612"
"1755","ENSG00000196323"
"1756","ENSG00000068366"
"1757","ENSG00000180626"
"1758","ENSG00000101115"
"1759","ENSG00000181666"
"1760","ENSG00000166821"
"1761","ENSG00000269693"
"1762","ENSG00000172840"
"1763","ENSG00000069020"
"1764","ENSG00000274741"
"1765","ENSG00000143442"
"1766","ENSG00000203995"
"1767","ENSG00000115464"
"1768","ENSG00000067601"
"1769","ENSG00000278270"
"1770","ENSG00000181904"
"1771","ENSG00000021574"
"1772","ENSG00000198355"
"1773","ENSG00000157873"
"1774","ENSG00000213145"
"1775","ENSG00000228236"
"1776","ENSG00000196436"
"1777","ENSG00000174132"
"1778","ENSG00000086666"
"1779","ENSG00000168010"
"1780","ENSG00000179750"
"1781","ENSG00000265808"
"1782","ENSG00000147872"
"1783","ENSG00000180938"
"1784","ENSG00000115993"
"1785","ENSG00000102158"
"1786","ENSG00000177000"
"1787","ENSG00000155827"
"1788","ENSG00000186472"
"1789","ENSG00000261796"
"1790","ENSG00000113595"
"1791","ENSG00000153339"
"1792","ENSG00000123933"
"1793","ENSG00000139977"
"1794","ENSG00000175198"
"1795","ENSG00000171295"
"1796","ENSG00000129521"
"1797","ENSG00000218739"
"1798","ENSG00000124370"
"1799","ENSG00000230069"
"1800","ENSG00000074054"
"1801","ENSG00000163877"
"1802","ENSG00000109618"
"1803","ENSG00000179104"
"1804","ENSG00000198408"
"1805","ENSG00000072201"
"1806","ENSG00000166762"
"1807","ENSG00000057019"
"1808","ENSG00000174373"
"1809","ENSG00000119950"
"1810","ENSG00000183891"
"1811","ENSG00000274384"
"1812","ENSG00000282826"
"1813","ENSG00000166887"
"1814","ENSG00000068615"
"1815","ENSG00000015133"
"1816","ENSG00000178502"
"1817","ENSG00000179222"
"1818","ENSG00000024862"
"1819","ENSG00000137478"
"1820","ENSG00000138785"
"1821","ENSG00000243943"
"1822","ENSG00000223509"
"1823","ENSG00000132274"
"1824","ENSG00000057935"
"1825","ENSG00000104343"
"1826","ENSG00000183474"
"1827","ENSG00000258153"
"1828","ENSG00000136870"
"1829","ENSG00000171204"
"1830","ENSG00000203880"
"1831","ENSG00000033030"
"1832","ENSG00000239883"
"1833","ENSG00000119655"
"1834","ENSG00000175087"
"1835","ENSG00000125124"
"1836","ENSG00000256087"
"1837","ENSG00000157388"
"1838","ENSG00000113569"
"1839","ENSG00000054793"
"1840","ENSG00000166855"
"1841","ENSG00000116791"
"1842","ENSG00000196428"
"1843","ENSG00000119013"
"1844","ENSG00000196586"
"1845","ENSG00000256683"
"1846","ENSG00000183840"
"1847","ENSG00000198380"
"1848","ENSG00000214756"
"1849","ENSG00000185591"
"1850","ENSG00000132294"
"1851","ENSG00000140993"
"1852","ENSG00000105968"
"1853","ENSG00000226102"
"1854","ENSG00000197355"
"1855","ENSG00000003756"
"1856","ENSG00000262795"
"1857","ENSG00000101333"
"1858","ENSG00000121486"
"1859","ENSG00000164754"
"1860","ENSG00000139132"
"1861","ENSG00000136888"
"1862","ENSG00000165671"
"1863","ENSG00000013392"
"1864","ENSG00000152409"
"1865","ENSG00000124380"
"1866","ENSG00000187535"
"1867","ENSG00000171174"
"1868","ENSG00000197712"
"1869","ENSG00000127947"
"1870","ENSG00000150477"
"1871","ENSG00000159216"
"1872","ENSG00000134109"
"1873","ENSG00000249319"
"1874","ENSG00000159733"
"1875","ENSG00000164331"
"1876","ENSG00000014824"
"1877","ENSG00000130517"
"1878","ENSG00000137274"
"1879","ENSG00000196652"
"1880","ENSG00000198919"
"1881","ENSG00000174749"
"1882","ENSG00000167183"
"1883","ENSG00000161955"
"1884","ENSG00000162623"
"1885","ENSG00000167964"
"1886","ENSG00000149089"
"1887","ENSG00000174652"
"1888","ENSG00000162599"
"1889","ENSG00000163539"
"1890","ENSG00000181513"
"1891","ENSG00000104643"
"1892","ENSG00000005471"
"1893","ENSG00000107581"
"1894","ENSG00000143971"
"1895","ENSG00000171566"
"1896","ENSG00000174938"
"1897","ENSG00000153531"
"1898","ENSG00000156958"
"1899","ENSG00000205213"
"1900","ENSG00000178922"
"1901","ENSG00000021355"
"1902","ENSG00000224981"
"1903","ENSG00000140374"
"1904","ENSG00000184743"
"1905","ENSG00000165185"
"1906","ENSG00000198554"
"1907","ENSG00000108061"
"1908","ENSG00000166025"
"1909","ENSG00000171724"
"1910","ENSG00000166529"
"1911","ENSG00000172456"
"1912","ENSG00000055332"
"1913","ENSG00000064933"
"1914","ENSG00000177873"
"1915","ENSG00000035664"
"1916","ENSG00000137872"
"1917","ENSG00000230092"
"1918","ENSG00000162078"
"1919","ENSG00000113391"
"1920","ENSG00000273588"
"1921","ENSG00000152439"
"1922","ENSG00000172775"
"1923","ENSG00000120832"
"1924","ENSG00000064393"
"1925","ENSG00000128731"
"1926","ENSG00000109184"
"1927","ENSG00000176842"
"1928","ENSG00000175104"
"1929","ENSG00000163349"
"1930","ENSG00000052841"
"1931","ENSG00000203326"
"1932","ENSG00000124356"
"1933","ENSG00000131873"
"1934","ENSG00000164414"
"1935","ENSG00000213123"
"1936","ENSG00000253797"
"1937","ENSG00000112234"
"1938","ENSG00000196605"
"1939","ENSG00000005812"
"1940","ENSG00000184887"
"1941","ENSG00000127125"
"1942","ENSG00000156970"
"1943","ENSG00000142875"
"1944","ENSG00000217929"
"1945","ENSG00000198346"
"1946","ENSG00000278622"
"1947","ENSG00000109787"
"1948","ENSG00000106692"
"1949","ENSG00000168140"
"1950","ENSG00000276910"
"1951","ENSG00000074800"
"1952","ENSG00000144115"
"1953","ENSG00000152683"
"1954","ENSG00000140718"
"1955","ENSG00000079739"
"1956","ENSG00000140332"
"1957","ENSG00000180488"
"1958","ENSG00000181751"
"1959","ENSG00000197168"
"1960","ENSG00000136783"
"1961","ENSG00000083799"
"1962","ENSG00000112701"
"1963","ENSG00000135218"
"1964","ENSG00000006555"
"1965","ENSG00000062194"
"1966","ENSG00000177721"
"1967","ENSG00000137275"
"1968","ENSG00000196684"
"1969","ENSG00000189362"
"1970","ENSG00000169740"
"1971","ENSG00000196724"
"1972","ENSG00000001461"
"1973","ENSG00000066468"
"1974","ENSG00000107821"
"1975","ENSG00000008853"
"1976","ENSG00000117479"
"1977","ENSG00000166164"
"1978","ENSG00000122966"
"1979","ENSG00000147677"
"1980","ENSG00000163660"
"1981","ENSG00000217120"
"1982","ENSG00000183604"
"1983","ENSG00000085998"
"1984","ENSG00000126945"
"1985","ENSG00000138381"
"1986","ENSG00000141219"
"1987","ENSG00000177683"
"1988","ENSG00000180329"
"1989","ENSG00000254685"
"1990","ENSG00000172172"
"1991","ENSG00000138018"
"1992","ENSG00000183621"
"1993","ENSG00000138801"
"1994","ENSG00000116138"
"1995","ENSG00000088340"
"1996","ENSG00000213918"
"1997","ENSG00000077254"
"1998","ENSG00000105849"
"1999","ENSG00000157184"
"2000","ENSG00000267680"
"2001","ENSG00000134697"
"2002","ENSG00000174384"
"2003","ENSG00000115839"
"2004","ENSG00000280680"
"2005","ENSG00000156983"
"2006","ENSG00000180357"
"2007","ENSG00000196417"
"2008","ENSG00000101190"
"2009","ENSG00000164080"
"2010","ENSG00000177125"
"2011","ENSG00000196670"
"2012","ENSG00000173193"
"2013","ENSG00000198918"
"2014","ENSG00000257267"
"2015","ENSG00000105058"
"2016","ENSG00000088448"
"2017","ENSG00000151151"
"2018","ENSG00000180818"
"2019","ENSG00000229833"
"2020","ENSG00000265681"
"2021","ENSG00000167785"
"2022","ENSG00000166295"
"2023","ENSG00000160007"
"2024","ENSG00000188549"
"2025","ENSG00000177119"
"2026","ENSG00000138399"
"2027","ENSG00000140104"
"2028","ENSG00000052795"
"2029","ENSG00000115042"
"2030","ENSG00000158019"
"2031","ENSG00000185686"
"2032","ENSG00000166435"
"2033","ENSG00000237440"
"2034","ENSG00000156587"
"2035","ENSG00000253731"
"2036","ENSG00000074755"
"2037","ENSG00000138182"
"2038","ENSG00000100150"
"2039","ENSG00000084652"
"2040","ENSG00000169891"
"2041","ENSG00000227345"
"2042","ENSG00000169359"
"2043","ENSG00000109762"
"2044","ENSG00000116954"
"2045","ENSG00000152061"
"2046","ENSG00000162814"
"2047","ENSG00000104689"
"2048","ENSG00000010704"
"2049","ENSG00000177485"
"2050","ENSG00000197594"
"2051","ENSG00000138802"
"2052","ENSG00000176834"
"2053","ENSG00000196302"
"2054","ENSG00000145388"
"2055","ENSG00000139990"
"2056","ENSG00000215883"
"2057","ENSG00000112964"
"2058","ENSG00000184208"
"2059","ENSG00000198586"
"2060","ENSG00000175155"
"2061","ENSG00000248503"
"2062","ENSG00000156509"
"2063","ENSG00000180855"
"2064","ENSG00000253203"
"2065","ENSG00000119397"
"2066","ENSG00000144635"
"2067","ENSG00000135679"
"2068","ENSG00000171634"
"2069","ENSG00000259040"
"2070","ENSG00000160336"
"2071","ENSG00000198198"
"2072","ENSG00000275947"
"2073","ENSG00000168758"
"2074","ENSG00000130559"
"2075","ENSG00000164164"
"2076","ENSG00000197457"
"2077","ENSG00000122965"
"2078","ENSG00000167555"
"2079","ENSG00000158161"
"2080","ENSG00000184731"
"2081","ENSG00000137843"
"2082","ENSG00000250120"
"2083","ENSG00000236490"
"2084","ENSG00000119599"
"2085","ENSG00000116754"
"2086","ENSG00000255185"
"2087","ENSG00000140488"
"2088","ENSG00000165832"
"2089","ENSG00000242852"
"2090","ENSG00000113812"
"2091","ENSG00000121210"
"2092","ENSG00000182318"
"2093","ENSG00000256223"
"2094","ENSG00000138326"
"2095","ENSG00000255302"
"2096","ENSG00000147044"
"2097","ENSG00000101276"
"2098","ENSG00000145592"
"2099","ENSG00000175591"
"2100","ENSG00000130844"
"2101","ENSG00000104047"
"2102","ENSG00000163576"
"2103","ENSG00000187866"
"2104","ENSG00000147124"
"2105","ENSG00000174720"
"2106","ENSG00000253683"
"2107","ENSG00000075303"
"2108","ENSG00000132763"
"2109","ENSG00000234797"
"2110","ENSG00000068745"
"2111","ENSG00000113384"
"2112","ENSG00000166037"
"2113","ENSG00000166681"
"2114","ENSG00000276550"
"2115","ENSG00000150556"
"2116","ENSG00000119673"
"2117","ENSG00000166170"
"2118","ENSG00000157106"
"2119","ENSG00000120616"
"2120","ENSG00000162927"
"2121","ENSG00000187626"
"2122","ENSG00000233476"
"2123","ENSG00000102471"
"2124","ENSG00000216937"
"2125","ENSG00000101843"
"2126","ENSG00000116205"
"2127","ENSG00000122257"
"2128","ENSG00000187231"
"2129","ENSG00000103811"
"2130","ENSG00000271425"
"2131","ENSG00000133138"
"2132","ENSG00000188596"
"2133","ENSG00000111727"
"2134","ENSG00000140350"
"2135","ENSG00000175354"
"2136","ENSG00000157426"
"2137","ENSG00000066557"
"2138","ENSG00000071189"
"2139","ENSG00000122507"
"2140","ENSG00000273397"
"2141","ENSG00000141314"
"2142","ENSG00000143669"
"2143","ENSG00000118181"
"2144","ENSG00000119787"
"2145","ENSG00000203943"
"2146","ENSG00000176428"
"2147","ENSG00000213213"
"2148","ENSG00000143079"
"2149","ENSG00000157107"
"2150","ENSG00000185710"
"2151","ENSG00000165029"
"2152","ENSG00000204084"
"2153","ENSG00000134698"
"2154","ENSG00000122884"
"2155","ENSG00000171827"
"2156","ENSG00000100116"
"2157","ENSG00000154059"
"2158","ENSG00000174804"
"2159","ENSG00000276547"
"2160","ENSG00000257512"
"2161","ENSG00000277276"
"2162","ENSG00000169641"
"2163","ENSG00000106018"
"2164","ENSG00000138286"
"2165","ENSG00000187122"
"2166","ENSG00000173559"
"2167","ENSG00000269897"
"2168","ENSG00000005884"
"2169","ENSG00000091039"
"2170","ENSG00000075407"
"2171","ENSG00000147133"
"2172","ENSG00000059691"
"2173","ENSG00000120539"
"2174","ENSG00000255836"
"2175","ENSG00000095794"
"2176","ENSG00000145687"
"2177","ENSG00000138160"
"2178","ENSG00000134049"
"2179","ENSG00000086015"
"2180","ENSG00000196757"
"2181","ENSG00000132141"
"2182","ENSG00000136928"
"2183","ENSG00000171109"
"2184","ENSG00000166526"
"2185","ENSG00000237651"
"2186","ENSG00000140057"
"2187","ENSG00000180376"
"2188","ENSG00000162782"
"2189","ENSG00000278605"
"2190","ENSG00000122550"
"2191","ENSG00000131831"
"2192","ENSG00000128908"
"2193","ENSG00000221909"
"2194","ENSG00000171103"
"2195","ENSG00000084754"
"2196","ENSG00000198908"
"2197","ENSG00000165912"
"2198","ENSG00000144036"
"2199","ENSG00000166716"
"2200","ENSG00000189298"
"2201","ENSG00000163867"
"2202","ENSG00000229524"
"2203","ENSG00000083844"
"2204","ENSG00000152404"
"2205","ENSG00000106006"
"2206","ENSG00000120696"
"2207","ENSG00000239305"
"2208","ENSG00000174498"
"2209","ENSG00000226171"
"2210","ENSG00000189190"
"2211","ENSG00000154781"
"2212","ENSG00000143740"
"2213","ENSG00000130939"
"2214","ENSG00000156650"
"2215","ENSG00000006625"
"2216","ENSG00000174579"
"2217","ENSG00000075240"
"2218","ENSG00000106771"
"2219","ENSG00000138768"
"2220","ENSG00000244444"
"2221","ENSG00000167703"
"2222","ENSG00000106635"
"2223","ENSG00000115942"
"2224","ENSG00000046651"
"2225","ENSG00000005882"
"2226","ENSG00000149403"
"2227","ENSG00000114107"
"2228","ENSG00000172830"
"2229","ENSG00000126821"
"2230","ENSG00000148175"
"2231","ENSG00000123965"
"2232","ENSG00000276497"
"2233","ENSG00000116731"
"2234","ENSG00000204116"
"2235","ENSG00000177425"
"2236","ENSG00000249860"
"2237","ENSG00000132405"
"2238","ENSG00000182107"
"2239","ENSG00000128654"
"2240","ENSG00000196132"
"2241","ENSG00000276463"
"2242","ENSG00000138756"
"2243","ENSG00000183137"
"2244","ENSG00000080371"
"2245","ENSG00000157625"
"2246","ENSG00000174574"
"2247","ENSG00000100577"
"2248","ENSG00000137601"
"2249","ENSG00000243147"
"2250","ENSG00000180008"
"2251","ENSG00000197429"
"2252","ENSG00000104814"
"2253","ENSG00000158966"
"2254","ENSG00000141646"
"2255","ENSG00000100290"
"2256","ENSG00000112144"
"2257","ENSG00000089847"
"2258","ENSG00000104142"
"2259","ENSG00000106609"
"2260","ENSG00000019995"
"2261","ENSG00000205269"
"2262","ENSG00000242247"
"2263","ENSG00000147316"
"2264","ENSG00000165996"
"2265","ENSG00000119699"
"2266","ENSG00000033627"
"2267","ENSG00000150938"
"2268","ENSG00000215641"
"2269","ENSG00000102870"
"2270","ENSG00000143756"
"2271","ENSG00000178700"
"2272","ENSG00000101811"
"2273","ENSG00000114388"
"2274","ENSG00000085832"
"2275","ENSG00000259315"
"2276","ENSG00000197816"
"2277","ENSG00000143545"
"2278","ENSG00000184619"
"2279","ENSG00000163946"
"2280","ENSG00000178177"
"2281","ENSG00000005436"
"2282","ENSG00000102763"
"2283","ENSG00000225141"
"2284","ENSG00000123473"
"2285","ENSG00000139428"
"2286","ENSG00000206149"
"2287","ENSG00000221994"
"2288","ENSG00000101040"
"2289","ENSG00000185532"
"2290","ENSG00000188167"
"2291","ENSG00000156218"
"2292","ENSG00000099954"
"2293","ENSG00000119688"
"2294","ENSG00000136273"
"2295","ENSG00000108506"
"2296","ENSG00000108094"
"2297","ENSG00000166004"
"2298","ENSG00000140319"
"2299","ENSG00000176714"
"2300","ENSG00000112796"
"2301","ENSG00000276464"
"2302","ENSG00000161249"
"2303","ENSG00000162063"
"2304","ENSG00000187193"
"2305","ENSG00000167380"
"2306","ENSG00000159140"
"2307","ENSG00000134452"
"2308","ENSG00000142556"
"2309","ENSG00000273294"
"2310","ENSG00000020129"
"2311","ENSG00000163510"
"2312","ENSG00000162819"
"2313","ENSG00000110318"
"2314","ENSG00000152315"
"2315","ENSG00000204634"
"2316","ENSG00000136152"
"2317","ENSG00000277292"
"2318","ENSG00000234545"
"2319","ENSG00000197969"
"2320","ENSG00000172888"
"2321","ENSG00000103978"
"2322","ENSG00000164151"
"2323","ENSG00000249661"
"2324","ENSG00000177200"
"2325","ENSG00000183111"
"2326","ENSG00000121410"
"2327","ENSG00000173681"
"2328","ENSG00000185630"
"2329","ENSG00000223828"
"2330","ENSG00000165630"
"2331","ENSG00000118729"
"2332","ENSG00000197302"
"2333","ENSG00000143401"
"2334","ENSG00000136874"
"2335","ENSG00000111358"
"2336","ENSG00000124587"
"2337","ENSG00000112655"
"2338","ENSG00000224740"
"2339","ENSG00000283224"
"2340","ENSG00000198585"
"2341","ENSG00000146830"
"2342","ENSG00000150995"
"2343","ENSG00000143190"
"2344","ENSG00000163681"
"2345","ENSG00000144655"
"2346","ENSG00000173209"
"2347","ENSG00000118096"
"2348","ENSG00000100603"
"2349","ENSG00000107242"
"2350","ENSG00000112249"
"2351","ENSG00000129682"
"2352","ENSG00000138376"
"2353","ENSG00000237765"
"2354","ENSG00000168763"
"2355","ENSG00000153060"
"2356","ENSG00000036549"
"2357","ENSG00000112624"
"2358","ENSG00000215375"
"2359","ENSG00000113761"
"2360","ENSG00000160325"
"2361","ENSG00000164252"
"2362","ENSG00000108469"
"2363","ENSG00000182141"
"2364","ENSG00000177191"
"2365","ENSG00000121310"
"2366","ENSG00000100647"
"2367","ENSG00000064309"
"2368","ENSG00000100601"
"2369","ENSG00000103042"
"2370","ENSG00000022976"
"2371","ENSG00000224550"
"2372","ENSG00000134955"
"2373","ENSG00000153786"
"2374","ENSG00000110330"
"2375","ENSG00000232578"
"2376","ENSG00000091136"
"2377","ENSG00000107020"
"2378","ENSG00000276840"
"2379","ENSG00000153066"
"2380","ENSG00000204604"
"2381","ENSG00000283147"
"2382","ENSG00000166912"
"2383","ENSG00000095383"
"2384","ENSG00000063046"
"2385","ENSG00000197037"
"2386","ENSG00000184481"
"2387","ENSG00000100266"
"2388","ENSG00000105793"
"2389","ENSG00000178295"
"2390","ENSG00000142961"
"2391","ENSG00000116489"
"2392","ENSG00000164654"
"2393","ENSG00000234231"
"2394","ENSG00000102935"
"2395","ENSG00000182149"
"2396","ENSG00000152332"
"2397","ENSG00000198399"
"2398","ENSG00000124209"
"2399","ENSG00000141447"
"2400","ENSG00000105223"
"2401","ENSG00000080503"
"2402","ENSG00000164796"
"2403","ENSG00000247746"
"2404","ENSG00000130703"
"2405","ENSG00000250771"
"2406","ENSG00000172977"
"2407","ENSG00000232112"
"2408","ENSG00000072858"
"2409","ENSG00000278540"
"2410","ENSG00000170802"
"2411","ENSG00000188010"
"2412","ENSG00000083838"
"2413","ENSG00000100426"
"2414","ENSG00000118960"
"2415","ENSG00000146833"
"2416","ENSG00000092531"
"2417","ENSG00000102384"
"2418","ENSG00000164610"
"2419","ENSG00000168887"
"2420","ENSG00000120915"
"2421","ENSG00000196967"
"2422","ENSG00000103995"
"2423","ENSG00000165660"
"2424","ENSG00000071073"
"2425","ENSG00000235272"
"2426","ENSG00000167186"
"2427","ENSG00000198783"
"2428","ENSG00000100100"
"2429","ENSG00000134852"
"2430","ENSG00000111404"
"2431","ENSG00000147416"
"2432","ENSG00000188419"
"2433","ENSG00000197579"
"2434","ENSG00000083817"
"2435","ENSG00000263002"
"2436","ENSG00000280663"
"2437","ENSG00000198062"
"2438","ENSG00000034677"
"2439","ENSG00000136709"
"2440","ENSG00000114857"
"2441","ENSG00000086548"
"2442","ENSG00000213218"
"2443","ENSG00000120868"
"2444","ENSG00000153292"
"2445","ENSG00000169689"
"2446","ENSG00000163319"
"2447","ENSG00000164181"
"2448","ENSG00000182704"
"2449","ENSG00000136021"
"2450","ENSG00000282105"
"2451","ENSG00000168785"
"2452","ENSG00000223687"
"2453","ENSG00000078319"
"2454","ENSG00000088305"
"2455","ENSG00000163322"
"2456","ENSG00000228217"
"2457","ENSG00000213801"
"2458","ENSG00000214013"
"2459","ENSG00000033170"
"2460","ENSG00000126777"
"2461","ENSG00000142655"
"2462","ENSG00000179455"
"2463","ENSG00000177508"
"2464","ENSG00000132746"
"2465","ENSG00000137871"
"2466","ENSG00000151422"
"2467","ENSG00000099330"
"2468","ENSG00000143437"
"2469","ENSG00000241127"
"2470","ENSG00000101109"
"2471","ENSG00000108100"
"2472","ENSG00000099338"
"2473","ENSG00000128829"
"2474","ENSG00000147224"
"2475","ENSG00000103888"
"2476","ENSG00000115738"
"2477","ENSG00000115415"
"2478","ENSG00000134107"
"2479","ENSG00000101166"
"2480","ENSG00000168517"
"2481","ENSG00000106546"
"2482","ENSG00000134851"
"2483","ENSG00000114978"
"2484","ENSG00000198382"
"2485","ENSG00000156831"
"2486","ENSG00000186354"
"2487","ENSG00000188959"
"2488","ENSG00000139597"
"2489","ENSG00000137185"
"2490","ENSG00000196353"
"2491","ENSG00000173275"
"2492","ENSG00000183421"
"2493","ENSG00000118816"
"2494","ENSG00000066279"
"2495","ENSG00000173442"
"2496","ENSG00000119203"
"2497","ENSG00000261984"
"2498","ENSG00000183734"
"2499","ENSG00000172262"
"2500","ENSG00000067141"
"2501","ENSG00000123080"
"2502","ENSG00000173212"
"2503","ENSG00000126858"
"2504","ENSG00000253816"
"2505","ENSG00000173548"
"2506","ENSG00000196812"
"2507","ENSG00000110442"
"2508","ENSG00000139218"
"2509","ENSG00000183718"
"2510","ENSG00000198924"
"2511","ENSG00000107186"
"2512","ENSG00000256206"
"2513","ENSG00000176531"
"2514","ENSG00000232040"
"2515","ENSG00000156787"
"2516","ENSG00000008196"
"2517","ENSG00000078699"
"2518","ENSG00000042317"
"2519","ENSG00000117632"
"2520","ENSG00000256771"
"2521","ENSG00000148396"
"2522","ENSG00000185386"
"2523","ENSG00000071242"
"2524","ENSG00000276005"
"2525","ENSG00000102804"
"2526","ENSG00000250317"
"2527","ENSG00000151500"
"2528","ENSG00000104129"
"2529","ENSG00000198932"
"2530","ENSG00000234420"
"2531","ENSG00000160094"
"2532","ENSG00000166225"
"2533","ENSG00000148488"
"2534","ENSG00000111319"
"2535","ENSG00000275331"
"2536","ENSG00000118640"
"2537","ENSG00000106799"
"2538","ENSG00000234032"
"2539","ENSG00000270394"
"2540","ENSG00000197776"
"2541","ENSG00000122545"
"2542","ENSG00000180979"
"2543","ENSG00000178127"
"2544","ENSG00000204177"
"2545","ENSG00000145996"
"2546","ENSG00000109189"
"2547","ENSG00000170191"
"2548","ENSG00000178096"
"2549","ENSG00000197608"
"2550","ENSG00000196865"
"2551","ENSG00000196535"
"2552","ENSG00000283472"
"2553","ENSG00000078043"
"2554","ENSG00000035928"
"2555","ENSG00000106638"
"2556","ENSG00000108306"
"2557","ENSG00000080200"
"2558","ENSG00000110080"
"2559","ENSG00000183628"
"2560","ENSG00000124140"
"2561","ENSG00000143450"
"2562","ENSG00000166797"
"2563","ENSG00000172728"
"2564","ENSG00000275867"
"2565","ENSG00000275131"
"2566","ENSG00000108256"
"2567","ENSG00000100596"
"2568","ENSG00000121621"
"2569","ENSG00000187239"
"2570","ENSG00000107789"
"2571","ENSG00000085274"
"2572","ENSG00000159214"
"2573","ENSG00000182774"
"2574","ENSG00000143977"
"2575","ENSG00000188997"
"2576","ENSG00000120899"
"2577","ENSG00000163882"
"2578","ENSG00000137720"
"2579","ENSG00000147164"
"2580","ENSG00000187522"
"2581","ENSG00000122376"
"2582","ENSG00000111911"
"2583","ENSG00000150316"
"2584","ENSG00000171606"
"2585","ENSG00000138709"
"2586","ENSG00000102401"
"2587","ENSG00000171443"
"2588","ENSG00000215421"
"2589","ENSG00000006282"
"2590","ENSG00000083544"
"2591","ENSG00000116668"
"2592","ENSG00000149313"
"2593","ENSG00000109911"
"2594","ENSG00000108107"
"2595","ENSG00000196290"
"2596","ENSG00000215845"
"2597","ENSG00000134986"
"2598","ENSG00000078070"
"2599","ENSG00000147654"
"2600","ENSG00000086717"
"2601","ENSG00000186166"
"2602","ENSG00000133131"
"2603","ENSG00000165338"
"2604","ENSG00000113318"
"2605","ENSG00000107099"
"2606","ENSG00000212916"
"2607","ENSG00000197106"
"2608","ENSG00000178809"
"2609","ENSG00000137812"
"2610","ENSG00000231245"
"2611","ENSG00000186952"
"2612","ENSG00000185485"
"2613","ENSG00000100319"
"2614","ENSG00000276794"
"2615","ENSG00000101191"
"2616","ENSG00000127863"
"2617","ENSG00000276504"
"2618","ENSG00000113916"
"2619","ENSG00000233049"
"2620","ENSG00000107951"
"2621","ENSG00000116497"
"2622","ENSG00000163162"
"2623","ENSG00000101654"
"2624","ENSG00000178852"
"2625","ENSG00000017797"
"2626","ENSG00000080815"
"2627","ENSG00000178935"
"2628","ENSG00000089057"
"2629","ENSG00000196604"
"2630","ENSG00000173120"
"2631","ENSG00000005483"
"2632","ENSG00000213073"
"2633","ENSG00000184160"
"2634","ENSG00000167528"
"2635","ENSG00000133216"
"2636","ENSG00000115239"
"2637","ENSG00000081019"
"2638","ENSG00000050130"
"2639","ENSG00000141198"
"2640","ENSG00000185009"
"2641","ENSG00000069345"
"2642","ENSG00000072571"
"2643","ENSG00000257103"
"2644","ENSG00000168216"
"2645","ENSG00000112078"
"2646","ENSG00000230006"
"2647","ENSG00000047578"
"2648","ENSG00000253313"
"2649","ENSG00000276141"
"2650","ENSG00000168077"
"2651","ENSG00000188352"
"2652","ENSG00000154310"
"2653","ENSG00000152492"
"2654","ENSG00000179889"
"2655","ENSG00000277072"
"2656","ENSG00000258659"
"2657","ENSG00000174792"
"2658","ENSG00000100422"
"2659","ENSG00000189014"
"2660","ENSG00000186026"
"2661","ENSG00000071054"
"2662","ENSG00000136935"
"2663","ENSG00000213625"
"2664","ENSG00000156804"
"2665","ENSG00000086475"
"2666","ENSG00000091129"
"2667","ENSG00000108733"
"2668","ENSG00000111647"
"2669","ENSG00000149922"
"2670","ENSG00000076513"
"2671","ENSG00000134077"
"2672","ENSG00000170581"
"2673","ENSG00000175395"
"2674","ENSG00000104290"
"2675","ENSG00000145016"
"2676","ENSG00000143337"
"2677","ENSG00000231259"
"2678","ENSG00000088970"
"2679","ENSG00000120256"
"2680","ENSG00000222011"
"2681","ENSG00000164162"
"2682","ENSG00000267541"
"2683","ENSG00000117280"
"2684","ENSG00000135655"
"2685","ENSG00000103351"
"2686","ENSG00000112294"
"2687","ENSG00000051341"
"2688","ENSG00000103316"
"2689","ENSG00000112159"
"2690","ENSG00000150991"
"2691","ENSG00000187068"
"2692","ENSG00000162522"
"2693","ENSG00000170006"
"2694","ENSG00000173614"
"2695","ENSG00000197077"
"2696","ENSG00000130940"
"2697","ENSG00000145703"
"2698","ENSG00000066777"
"2699","ENSG00000181982"
"2700","ENSG00000113838"
"2701","ENSG00000164347"
"2702","ENSG00000077458"
"2703","ENSG00000083097"
"2704","ENSG00000047932"
"2705","ENSG00000275349"
"2706","ENSG00000109220"
"2707","ENSG00000120519"
"2708","ENSG00000139618"
"2709","ENSG00000143365"
"2710","ENSG00000186326"
"2711","ENSG00000114503"
"2712","ENSG00000114656"
"2713","ENSG00000185024"
"2714","ENSG00000082068"
"2715","ENSG00000118965"
"2716","ENSG00000196470"
"2717","ENSG00000163050"
"2718","ENSG00000188827"
"2719","ENSG00000135124"
"2720","ENSG00000158604"
"2721","ENSG00000120137"
"2722","ENSG00000137807"
"2723","ENSG00000083750"
"2724","ENSG00000198551"
"2725","ENSG00000138750"
"2726","ENSG00000166173"
"2727","ENSG00000151657"
"2728","ENSG00000157992"
"2729","ENSG00000143457"
"2730","ENSG00000272617"
"2731","ENSG00000143622"
"2732","ENSG00000166224"
"2733","ENSG00000229071"
"2734","ENSG00000100300"
"2735","ENSG00000186976"
"2736","ENSG00000171236"
"2737","ENSG00000173597"
"2738","ENSG00000135932"
"2739","ENSG00000112139"
"2740","ENSG00000134900"
"2741","ENSG00000120129"
"2742","ENSG00000111785"
"2743","ENSG00000149357"
"2744","ENSG00000215695"
"2745","ENSG00000143207"
"2746","ENSG00000167637"
"2747","ENSG00000164074"
"2748","ENSG00000131269"
"2749","ENSG00000278220"
"2750","ENSG00000145358"
"2751","ENSG00000100221"
"2752","ENSG00000178764"
"2753","ENSG00000071051"
"2754","ENSG00000204713"
"2755","ENSG00000196081"
"2756","ENSG00000196459"
"2757","ENSG00000151025"
"2758","ENSG00000187187"
"2759","ENSG00000142798"
"2760","ENSG00000075945"
"2761","ENSG00000066933"
"2762","ENSG00000138613"
"2763","ENSG00000122483"
"2764","ENSG00000197372"
"2765","ENSG00000130005"
"2766","ENSG00000147689"
"2767","ENSG00000128185"
"2768","ENSG00000144746"
"2769","ENSG00000165934"
"2770","ENSG00000280893"
"2771","ENSG00000181029"
"2772","ENSG00000123870"
"2773","ENSG00000164597"
"2774","ENSG00000283143"
"2775","ENSG00000116001"
"2776","ENSG00000125629"
"2777","ENSG00000101574"
"2778","ENSG00000138617"
"2779","ENSG00000255277"
"2780","ENSG00000174010"
"2781","ENSG00000170242"
"2782","ENSG00000176410"
"2783","ENSG00000139865"
"2784","ENSG00000104218"
"2785","ENSG00000168724"
"2786","ENSG00000168827"
"2787","ENSG00000158411"
"2788","ENSG00000182134"
"2789","ENSG00000031003"
"2790","ENSG00000162869"
"2791","ENSG00000137767"
"2792","ENSG00000154803"
"2793","ENSG00000235859"
"2794","ENSG00000189157"
"2795","ENSG00000100376"
"2796","ENSG00000135119"
"2797","ENSG00000026950"
"2798","ENSG00000115548"
"2799","ENSG00000136436"
"2800","ENSG00000185052"
"2801","ENSG00000186603"
"2802","ENSG00000131626"
"2803","ENSG00000204335"
"2804","ENSG00000168116"
"2805","ENSG00000281593"
"2806","ENSG00000141956"
"2807","ENSG00000261575"
"2808","ENSG00000101928"
"2809","ENSG00000152193"
"2810","ENSG00000153208"
"2811","ENSG00000139508"
"2812","ENSG00000186496"
"2813","ENSG00000261115"
"2814","ENSG00000205544"
"2815","ENSG00000142186"
"2816","ENSG00000174891"
"2817","ENSG00000167378"
"2818","ENSG00000188636"
"2819","ENSG00000170248"
"2820","ENSG00000282039"
"2821","ENSG00000197822"
"2822","ENSG00000198663"
"2823","ENSG00000091490"
"2824","ENSG00000146350"
"2825","ENSG00000177932"
"2826","ENSG00000140575"
"2827","ENSG00000167740"
"2828","ENSG00000088854"
"2829","ENSG00000198185"
"2830","ENSG00000196792"
"2831","ENSG00000198951"
"2832","ENSG00000036530"
"2833","ENSG00000144228"
"2834","ENSG00000158445"
"2835","ENSG00000188786"
"2836","ENSG00000152620"
"2837","ENSG00000105523"
"2838","ENSG00000070371"
"2839","ENSG00000101844"
"2840","ENSG00000145685"
"2841","ENSG00000162545"
"2842","ENSG00000151445"
"2843","ENSG00000170571"
"2844","ENSG00000090905"
"2845","ENSG00000168159"
"2846","ENSG00000164180"
"2847","ENSG00000174483"
"2848","ENSG00000167434"
"2849","ENSG00000282733"
"2850","ENSG00000100321"
"2851","ENSG00000118292"
"2852","ENSG00000116903"
"2853","ENSG00000213020"
"2854","ENSG00000166275"
"2855","ENSG00000274214"
"2856","ENSG00000119772"
"2857","ENSG00000256222"
"2858","ENSG00000166199"
"2859","ENSG00000086827"
"2860","ENSG00000064270"
"2861","ENSG00000006432"
"2862","ENSG00000148158"
"2863","ENSG00000100425"
"2864","ENSG00000127311"
"2865","ENSG00000176700"
"2866","ENSG00000113240"
"2867","ENSG00000243749"
"2868","ENSG00000147234"
"2869","ENSG00000112659"
"2870","ENSG00000186635"
"2871","ENSG00000137269"
"2872","ENSG00000273722"
"2873","ENSG00000009780"
"2874","ENSG00000167220"
"2875","ENSG00000184708"
"2876","ENSG00000138614"
"2877","ENSG00000181704"
"2878","ENSG00000163703"
"2879","ENSG00000108176"
"2880","ENSG00000182853"
"2881","ENSG00000163900"
"2882","ENSG00000213160"
"2883","ENSG00000275594"
"2884","ENSG00000066827"
"2885","ENSG00000274803"
"2886","ENSG00000280286"
"2887","ENSG00000105048"
"2888","ENSG00000149548"
"2889","ENSG00000056586"
"2890","ENSG00000054523"
"2891","ENSG00000175595"
"2892","ENSG00000181827"
"2893","ENSG00000123600"
"2894","ENSG00000138814"
"2895","ENSG00000171365"
"2896","ENSG00000170608"
"2897","ENSG00000281709"
"2898","ENSG00000110060"
"2899","ENSG00000102218"
"2900","ENSG00000111678"
"2901","ENSG00000065717"
"2902","ENSG00000104140"
"2903","ENSG00000023287"
"2904","ENSG00000115282"
"2905","ENSG00000277103"
"2906","ENSG00000136052"
"2907","ENSG00000184083"
"2908","ENSG00000109339"
"2909","ENSG00000183340"
"2910","ENSG00000029534"
"2911","ENSG00000235205"
"2912","ENSG00000101474"
"2913","ENSG00000132773"
"2914","ENSG00000243646"
"2915","ENSG00000023892"
"2916","ENSG00000176731"
"2917","ENSG00000115866"
"2918","ENSG00000074621"
"2919","ENSG00000214595"
"2920","ENSG00000151687"
"2921","ENSG00000110841"
"2922","ENSG00000162408"
"2923","ENSG00000169851"
"2924","ENSG00000134291"
"2925","ENSG00000099991"
"2926","ENSG00000016864"
"2927","ENSG00000141429"
"2928","ENSG00000185246"
"2929","ENSG00000143067"
"2930","ENSG00000182359"
"2931","ENSG00000023516"
"2932","ENSG00000147121"
"2933","ENSG00000232388"
"2934","ENSG00000241058"
"2935","ENSG00000204138"
"2936","ENSG00000164035"
"2937","ENSG00000058335"
"2938","ENSG00000205583"
"2939","ENSG00000198130"
"2940","ENSG00000223654"
"2941","ENSG00000256294"
"2942","ENSG00000068308"
"2943","ENSG00000099942"
"2944","ENSG00000182197"
"2945","ENSG00000269891"
"2946","ENSG00000183826"
"2947","ENSG00000196507"
"2948","ENSG00000118260"
"2949","ENSG00000185414"
"2950","ENSG00000099940"
"2951","ENSG00000114302"
"2952","ENSG00000274145"
"2953","ENSG00000186106"
"2954","ENSG00000148090"
"2955","ENSG00000272601"
"2956","ENSG00000015568"
"2957","ENSG00000099377"
"2958","ENSG00000278211"
"2959","ENSG00000183281"
"2960","ENSG00000127995"
"2961","ENSG00000258644"
"2962","ENSG00000187391"
"2963","ENSG00000188529"
"2964","ENSG00000124299"
"2965","ENSG00000176896"
"2966","ENSG00000204909"
"2967","ENSG00000197557"
"2968","ENSG00000103852"
"2969","ENSG00000172037"
"2970","ENSG00000273611"
"2971","ENSG00000171155"
"2972","ENSG00000094975"
"2973","ENSG00000178928"
"2974","ENSG00000168137"
"2975","ENSG00000228638"
"2976","ENSG00000162695"
"2977","ENSG00000138771"
"2978","ENSG00000115977"
"2979","ENSG00000149300"
"2980","ENSG00000188428"
"2981","ENSG00000112972"
"2982","ENSG00000139168"
"2983","ENSG00000184828"
"2984","ENSG00000176406"
"2985","ENSG00000162825"
"2986","ENSG00000148814"
"2987","ENSG00000141504"
"2988","ENSG00000177842"
"2989","ENSG00000226232"
"2990","ENSG00000112367"
"2991","ENSG00000130724"
"2992","ENSG00000213297"
"2993","ENSG00000238105"
"2994","ENSG00000181019"
"2995","ENSG00000204764"
"2996","ENSG00000181191"
"2997","ENSG00000185046"
"2998","ENSG00000100288"
"2999","ENSG00000151414"
"3000","ENSG00000198416"
"3001","ENSG00000152763"
"3002","ENSG00000174684"
"3003","ENSG00000149292"
"3004","ENSG00000046604"
"3005","ENSG00000177548"
"3006","ENSG00000079277"
"3007","ENSG00000125744"
"3008","ENSG00000274338"
"3009","ENSG00000186814"
"3010","ENSG00000132793"
"3011","ENSG00000129083"
"3012","ENSG00000103196"
"3013","ENSG00000132823"
"3014","ENSG00000155966"
"3015","ENSG00000141179"
"3016","ENSG00000102921"
"3017","ENSG00000196814"
"3018","ENSG00000129315"
"3019","ENSG00000115998"
"3020","ENSG00000176978"
"3021","ENSG00000255073"
"3022","ENSG00000281626"
"3023","ENSG00000073734"
"3024","ENSG00000174007"
"3025","ENSG00000169914"
"3026","ENSG00000228409"
"3027","ENSG00000083812"
"3028","ENSG00000114405"
"3029","ENSG00000179476"
"3030","ENSG00000125954"
"3031","ENSG00000037749"
"3032","ENSG00000121211"
"3033","ENSG00000033178"
"3034","ENSG00000197933"
"3035","ENSG00000114209"
"3036","ENSG00000049239"
"3037","ENSG00000182700"
"3038","ENSG00000128159"
"3039","ENSG00000275066"
"3040","ENSG00000061676"
"3041","ENSG00000276340"
"3042","ENSG00000134884"
"3043","ENSG00000156017"
"3044","ENSG00000135317"
"3045","ENSG00000168589"
"3046","ENSG00000132313"
"3047","ENSG00000172748"
"3048","ENSG00000102595"
"3049","ENSG00000196705"
"3050","ENSG00000185651"
"3051","ENSG00000187627"
"3052","ENSG00000139971"
"3053","ENSG00000236539"
"3054","ENSG00000072778"
"3055","ENSG00000153237"
"3056","ENSG00000206489"
"3057","ENSG00000226400"
"3058","ENSG00000177463"
"3059","ENSG00000188868"
"3060","ENSG00000179085"
"3061","ENSG00000235194"
"3062","ENSG00000171943"
"3063","ENSG00000172530"
"3064","ENSG00000146555"
"3065","ENSG00000157540"
"3066","ENSG00000133114"
"3067","ENSG00000082146"
"3068","ENSG00000272752"
"3069","ENSG00000167815"
"3070","ENSG00000140688"
"3071","ENSG00000130203"
"3072","ENSG00000119723"
"3073","ENSG00000169856"
"3074","ENSG00000051620"
"3075","ENSG00000139219"
"3076","ENSG00000152939"
"3077","ENSG00000125149"
"3078","ENSG00000004534"
"3079","ENSG00000156313"
"3080","ENSG00000106701"
"3081","ENSG00000181201"
"3082","ENSG00000143322"
"3083","ENSG00000113522"
"3084","ENSG00000147535"
"3085","ENSG00000137824"
"3086","ENSG00000214279"
"3087","ENSG00000170382"
"3088","ENSG00000160062"
"3089","ENSG00000149308"
"3090","ENSG00000197647"
"3091","ENSG00000241015"
"3092","ENSG00000125967"
"3093","ENSG00000110057"
"3094","ENSG00000109756"
"3095","ENSG00000093217"
"3096","ENSG00000280252"
"3097","ENSG00000144026"
"3098","ENSG00000271741"
"3099","ENSG00000198453"
"3100","ENSG00000129317"
"3101","ENSG00000160299"
"3102","ENSG00000152133"
"3103","ENSG00000165434"
"3104","ENSG00000251192"
"3105","ENSG00000123095"
"3106","ENSG00000163875"
"3107","ENSG00000147533"
"3108","ENSG00000010322"
"3109","ENSG00000137709"
"3110","ENSG00000169946"
"3111","ENSG00000181264"
"3112","ENSG00000108187"
"3113","ENSG00000104695"
"3114","ENSG00000127957"
"3115","ENSG00000100225"
"3116","ENSG00000198373"
"3117","ENSG00000147905"
"3118","ENSG00000118777"
"3119","ENSG00000196876"
"3120","ENSG00000136193"
"3121","ENSG00000007341"
"3122","ENSG00000117862"
"3123","ENSG00000124313"
"3124","ENSG00000176244"
"3125","ENSG00000154723"
"3126","ENSG00000178078"
"3127","ENSG00000275835"
"3128","ENSG00000233448"
"3129","ENSG00000198814"
"3130","ENSG00000185100"
"3131","ENSG00000088035"
"3132","ENSG00000151876"
"3133","ENSG00000105879"
"3134","ENSG00000153037"
"3135","ENSG00000151322"
"3136","ENSG00000163617"
"3137","ENSG00000006534"
"3138","ENSG00000047315"
"3139","ENSG00000109390"
"3140","ENSG00000013374"
"3141","ENSG00000178171"
"3142","ENSG00000166436"
"3143","ENSG00000163155"
"3144","ENSG00000128585"
"3145","ENSG00000132530"
"3146","ENSG00000162607"
"3147","ENSG00000172671"
"3148","ENSG00000115520"
"3149","ENSG00000196659"
"3150","ENSG00000165115"
"3151","ENSG00000108846"
"3152","ENSG00000138190"
"3153","ENSG00000140006"
"3154","ENSG00000011105"
"3155","ENSG00000092200"
"3156","ENSG00000167644"
"3157","ENSG00000272578"
"3158","ENSG00000232024"
"3159","ENSG00000157796"
"3160","ENSG00000196998"
"3161","ENSG00000165672"
"3162","ENSG00000133103"
"3163","ENSG00000103510"
"3164","ENSG00000197442"
"3165","ENSG00000160213"
"3166","ENSG00000055917"
"3167","ENSG00000114416"
"3168","ENSG00000171817"
"3169","ENSG00000183576"
"3170","ENSG00000121864"
"3171","ENSG00000164073"
"3172","ENSG00000178904"
"3173","ENSG00000156508"
"3174","ENSG00000256060"
"3175","ENSG00000121851"
"3176","ENSG00000225312"
"3177","ENSG00000177181"
"3178","ENSG00000115816"
"3179","ENSG00000254912"
"3180","ENSG00000139629"
"3181","ENSG00000117153"
"3182","ENSG00000165626"
"3183","ENSG00000171806"
"3184","ENSG00000188611"
"3185","ENSG00000176018"
"3186","ENSG00000020426"
"3187","ENSG00000226338"
"3188","ENSG00000165629"
"3189","ENSG00000171208"
"3190","ENSG00000145216"
"3191","ENSG00000231370"
"3192","ENSG00000003096"
"3193","ENSG00000180479"
"3194","ENSG00000040341"
"3195","ENSG00000169750"
"3196","ENSG00000277140"
"3197","ENSG00000240429"
"3198","ENSG00000169193"
"3199","ENSG00000112175"
"3200","ENSG00000182010"
"3201","ENSG00000215559"
"3202","ENSG00000153904"
"3203","ENSG00000183475"
"3204","ENSG00000138002"
"3205","ENSG00000100934"
"3206","ENSG00000231234"
"3207","ENSG00000033327"
"3208","ENSG00000103056"
"3209","ENSG00000154269"
"3210","ENSG00000070269"
"3211","ENSG00000103740"
"3212","ENSG00000282246"
"3213","ENSG00000274049"
"3214","ENSG00000182858"
"3215","ENSG00000142973"
"3216","ENSG00000038532"
"3217","ENSG00000151715"
"3218","ENSG00000140905"
"3219","ENSG00000178665"
"3220","ENSG00000101974"
"3221","ENSG00000104154"
"3222","ENSG00000174839"
"3223","ENSG00000275935"
"3224","ENSG00000182973"
"3225","ENSG00000075239"
"3226","ENSG00000117133"
"3227","ENSG00000179299"
"3228","ENSG00000127334"
"3229","ENSG00000095627"
"3230","ENSG00000169660"
"3231","ENSG00000105738"
"3232","ENSG00000185267"
"3233","ENSG00000171467"
"3234","ENSG00000211452"
"3235","ENSG00000106610"
"3236","ENSG00000106258"
"3237","ENSG00000067248"
"3238","ENSG00000186566"
"3239","ENSG00000171791"
"3240","ENSG00000221988"
"3241","ENSG00000173273"
"3242","ENSG00000142920"
"3243","ENSG00000136448"
"3244","ENSG00000151304"
"3245","ENSG00000123562"
"3246","ENSG00000187630"
"3247","ENSG00000276760"
"3248","ENSG00000172340"
"3249","ENSG00000145700"
"3250","ENSG00000213189"
"3251","ENSG00000085511"
"3252","ENSG00000152580"
"3253","ENSG00000101004"
"3254","ENSG00000157827"
"3255","ENSG00000130589"
"3256","ENSG00000131725"
"3257","ENSG00000144668"
"3258","ENSG00000187372"
"3259","ENSG00000270181"
"3260","ENSG00000140795"
"3261","ENSG00000145088"
"3262","ENSG00000196152"
"3263","ENSG00000178209"
"3264","ENSG00000086065"
"3265","ENSG00000259086"
"3266","ENSG00000154767"
"3267","ENSG00000157224"
"3268","ENSG00000197062"
"3269","ENSG00000065559"
"3270","ENSG00000189120"
"3271","ENSG00000204271"
"3272","ENSG00000116991"
"3273","ENSG00000117480"
"3274","ENSG00000128944"
"3275","ENSG00000165424"
"3276","ENSG00000276068"
"3277","ENSG00000132824"
"3278","ENSG00000006715"
"3279","ENSG00000172650"
"3280","ENSG00000119943"
"3281","ENSG00000164631"
"3282","ENSG00000132680"
"3283","ENSG00000198836"
"3284","ENSG00000171564"
"3285","ENSG00000228612"
"3286","ENSG00000173214"
"3287","ENSG00000147118"
"3288","ENSG00000107957"
"3289","ENSG00000156232"
"3290","ENSG00000163001"
"3291","ENSG00000170906"
"3292","ENSG00000198155"
"3293","ENSG00000105204"
"3294","ENSG00000214765"
"3295","ENSG00000269026"
"3296","ENSG00000144061"
"3297","ENSG00000055147"
"3298","ENSG00000103248"
"3299","ENSG00000144320"
"3300","ENSG00000183311"
"3301","ENSG00000012822"
"3302","ENSG00000131381"
"3303","ENSG00000196242"
"3304","ENSG00000214544"
"3305","ENSG00000123552"
"3306","ENSG00000109572"
"3307","ENSG00000117640"
"3308","ENSG00000055732"
"3309","ENSG00000250462"
"3310","ENSG00000147364"
"3311","ENSG00000256537"
"3312","ENSG00000171320"
"3313","ENSG00000274810"
"3314","ENSG00000134146"
"3315","ENSG00000166949"
"3316","ENSG00000102606"
"3317","ENSG00000110048"
"3318","ENSG00000107938"
"3319","ENSG00000119888"
"3320","ENSG00000135698"
"3321","ENSG00000166398"
"3322","ENSG00000048471"
"3323","ENSG00000178401"
"3324","ENSG00000168702"
"3325","ENSG00000198205"
"3326","ENSG00000278119"
"3327","ENSG00000113845"
"3328","ENSG00000103494"
"3329","ENSG00000101882"
"3330","ENSG00000282715"
"3331","ENSG00000105642"
"3332","ENSG00000221944"
"3333","ENSG00000167306"
"3334","ENSG00000163535"
"3335","ENSG00000035403"
"3336","ENSG00000267168"
"3337","ENSG00000109171"
"3338","ENSG00000173531"
"3339","ENSG00000060339"
"3340","ENSG00000251369"
"3341","ENSG00000143494"
"3342","ENSG00000174628"
"3343","ENSG00000272514"
"3344","ENSG00000197444"
"3345","ENSG00000185722"
"3346","ENSG00000090263"
"3347","ENSG00000156515"
"3348","ENSG00000065621"
"3349","ENSG00000166167"
"3350","ENSG00000259414"
"3351","ENSG00000245958"
"3352","ENSG00000186132"
"3353","ENSG00000103089"
"3354","ENSG00000167377"
"3355","ENSG00000152256"
"3356","ENSG00000268043"
"3357","ENSG00000106415"
"3358","ENSG00000012061"
"3359","ENSG00000215105"
"3360","ENSG00000115137"
"3361","ENSG00000142235"
"3362","ENSG00000148082"
"3363","ENSG00000233927"
"3364","ENSG00000184292"
"3365","ENSG00000138346"
"3366","ENSG00000234274"
"3367","ENSG00000117614"
"3368","ENSG00000251046"
"3369","ENSG00000102897"
"3370","ENSG00000127124"
"3371","ENSG00000197496"
"3372","ENSG00000198715"
"3373","ENSG00000163818"
"3374","ENSG00000121101"
"3375","ENSG00000154309"
"3376","ENSG00000281899"
"3377","ENSG00000124614"
"3378","ENSG00000188234"
"3379","ENSG00000125037"
"3380","ENSG00000275400"
"3381","ENSG00000134574"
"3382","ENSG00000111371"
"3383","ENSG00000147592"
"3384","ENSG00000122970"
"3385","ENSG00000146963"
"3386","ENSG00000244705"
"3387","ENSG00000280670"
"3388","ENSG00000278243"
"3389","ENSG00000282254"
"3390","ENSG00000134899"
"3391","ENSG00000093000"
"3392","ENSG00000278704"
"3393","ENSG00000198088"
"3394","ENSG00000074695"
"3395","ENSG00000115274"
"3396","ENSG00000134440"
"3397","ENSG00000151466"
"3398","ENSG00000198826"
"3399","ENSG00000126803"
"3400","ENSG00000184863"
"3401","ENSG00000155621"
"3402","ENSG00000182087"
"3403","ENSG00000231325"
"3404","ENSG00000197971"
"3405","ENSG00000165194"
"3406","ENSG00000140395"
"3407","ENSG00000166869"
"3408","ENSG00000123384"
"3409","ENSG00000198855"
"3410","ENSG00000144802"
"3411","ENSG00000183206"
"3412","ENSG00000102316"
"3413","ENSG00000100532"
"3414","ENSG00000067798"
"3415","ENSG00000082701"
"3416","ENSG00000104823"
"3417","ENSG00000183723"
"3418","ENSG00000121766"
"3419","ENSG00000121966"
"3420","ENSG00000010818"
"3421","ENSG00000205356"
"3422","ENSG00000160867"
"3423","ENSG00000028116"
"3424","ENSG00000236271"
"3425","ENSG00000134056"
"3426","ENSG00000177570"
"3427","ENSG00000178537"
"3428","ENSG00000198561"
"3429","ENSG00000099284"
"3430","ENSG00000165861"
"3431","ENSG00000230882"
"3432","ENSG00000109586"
"3433","ENSG00000204262"
"3434","ENSG00000167461"
"3435","ENSG00000239704"
"3436","ENSG00000004864"
"3437","ENSG00000150593"
"3438","ENSG00000136854"
"3439","ENSG00000121274"
"3440","ENSG00000156384"
"3441","ENSG00000140612"
"3442","ENSG00000186017"
"3443","ENSG00000154265"
"3444","ENSG00000182979"
"3445","ENSG00000282171"
"3446","ENSG00000169762"
"3447","ENSG00000118193"
"3448","ENSG00000161533"
"3449","ENSG00000161996"
"3450","ENSG00000090470"
"3451","ENSG00000159445"
"3452","ENSG00000151690"
"3453","ENSG00000165406"
"3454","ENSG00000100664"
"3455","ENSG00000109944"
"3456","ENSG00000119878"
"3457","ENSG00000172345"
"3458","ENSG00000205212"
"3459","ENSG00000254331"
"3460","ENSG00000145191"
"3461","ENSG00000123096"
"3462","ENSG00000151092"
"3463","ENSG00000140943"
"3464","ENSG00000244270"
"3465","ENSG00000198791"
"3466","ENSG00000188266"
"3467","ENSG00000196074"
"3468","ENSG00000138385"
"3469","ENSG00000155636"
"3470","ENSG00000168818"
"3471","ENSG00000079332"
"3472","ENSG00000184007"
"3473","ENSG00000155008"
"3474","ENSG00000180881"
"3475","ENSG00000163694"
"3476","ENSG00000180257"
"3477","ENSG00000114735"
"3478","ENSG00000150672"
"3479","ENSG00000142208"
"3480","ENSG00000153132"
"3481","ENSG00000281306"
"3482","ENSG00000162191"
"3483","ENSG00000128683"
"3484","ENSG00000256235"
"3485","ENSG00000174606"
"3486","ENSG00000166340"
"3487","ENSG00000134265"
"3488","ENSG00000205981"
"3489","ENSG00000124596"
"3490","ENSG00000014123"
"3491","ENSG00000235109"
"3492","ENSG00000198920"
"3493","ENSG00000182022"
"3494","ENSG00000133997"
"3495","ENSG00000170365"
"3496","ENSG00000135905"
"3497","ENSG00000250312"
"3498","ENSG00000274474"
"3499","ENSG00000267526"
"3500","ENSG00000128708"
"3501","ENSG00000157703"
"3502","ENSG00000142794"
"3503","ENSG00000113269"
"3504","ENSG00000092470"
"3505","ENSG00000278843"
"3506","ENSG00000159860"
"3507","ENSG00000006025"
"3508","ENSG00000162396"
"3509","ENSG00000100583"
"3510","ENSG00000107929"
"3511","ENSG00000176809"
"3512","ENSG00000167920"
"3513","ENSG00000172379"
"3514","ENSG00000137038"
"3515","ENSG00000114841"
"3516","ENSG00000227268"
"3517","ENSG00000233264"
"3518","ENSG00000100350"
"3519","ENSG00000091262"
"3520","ENSG00000135637"
"3521","ENSG00000107537"
"3522","ENSG00000226710"
"3523","ENSG00000154945"
"3524","ENSG00000118197"
"3525","ENSG00000248405"
"3526","ENSG00000164574"
"3527","ENSG00000102805"
"3528","ENSG00000116984"
"3529","ENSG00000272398"
"3530","ENSG00000125356"
"3531","ENSG00000147324"
"3532","ENSG00000147475"
"3533","ENSG00000258989"
"3534","ENSG00000146476"
"3535","ENSG00000172006"
"3536","ENSG00000066185"
"3537","ENSG00000103160"
"3538","ENSG00000163704"
"3539","ENSG00000069943"
"3540","ENSG00000189060"
"3541","ENSG00000117697"
"3542","ENSG00000162542"
"3543","ENSG00000080823"
"3544","ENSG00000140265"
"3545","ENSG00000163374"
"3546","ENSG00000103061"
"3547","ENSG00000223822"
"3548","ENSG00000111707"
"3549","ENSG00000205560"
"3550","ENSG00000187695"
"3551","ENSG00000178074"
"3552","ENSG00000197580"
"3553","ENSG00000178460"
"3554","ENSG00000136932"
"3555","ENSG00000129204"
"3556","ENSG00000043039"
"3557","ENSG00000136861"
"3558","ENSG00000153832"
"3559","ENSG00000182195"
"3560","ENSG00000124593"
"3561","ENSG00000254413"
"3562","ENSG00000255563"
"3563","ENSG00000227568"
"3564","ENSG00000082196"
"3565","ENSG00000144218"
"3566","ENSG00000100335"
"3567","ENSG00000089737"
"3568","ENSG00000081087"
"3569","ENSG00000115474"
"3570","ENSG00000057252"
"3571","ENSG00000082805"
"3572","ENSG00000188677"
"3573","ENSG00000171469"
"3574","ENSG00000135315"
"3575","ENSG00000168283"
"3576","ENSG00000136531"
"3577","ENSG00000273398"
"3578","ENSG00000274671"
"3579","ENSG00000138674"
"3580","ENSG00000280006"
"3581","ENSG00000140382"
"3582","ENSG00000168876"
"3583","ENSG00000204131"
"3584","ENSG00000189043"
"3585","ENSG00000235339"
"3586","ENSG00000198556"
"3587","ENSG00000157554"
"3588","ENSG00000102531"
"3589","ENSG00000157483"
"3590","ENSG00000136044"
"3591","ENSG00000100330"
"3592","ENSG00000104679"
"3593","ENSG00000090989"
"3594","ENSG00000111275"
"3595","ENSG00000100842"
"3596","ENSG00000170917"
"3597","ENSG00000023041"
"3598","ENSG00000137802"
"3599","ENSG00000123444"
"3600","ENSG00000231641"
"3601","ENSG00000166140"
"3602","ENSG00000214046"
"3603","ENSG00000213380"
"3604","ENSG00000262911"
"3605","ENSG00000132646"
"3606","ENSG00000262304"
"3607","ENSG00000167395"
"3608","ENSG00000023608"
"3609","ENSG00000069509"
"3610","ENSG00000186318"
"3611","ENSG00000147202"
"3612","ENSG00000137842"
"3613","ENSG00000171004"
"3614","ENSG00000157399"
"3615","ENSG00000167257"
"3616","ENSG00000258890"
"3617","ENSG00000150776"
"3618","ENSG00000189350"
"3619","ENSG00000160294"
"3620","ENSG00000183778"
"3621","ENSG00000276836"
"3622","ENSG00000111215"
"3623","ENSG00000204257"
"3624","ENSG00000172939"
"3625","ENSG00000129946"
"3626","ENSG00000204120"
"3627","ENSG00000186777"
"3628","ENSG00000256892"
"3629","ENSG00000123595"
"3630","ENSG00000276582"
"3631","ENSG00000079785"
"3632","ENSG00000268723"
"3633","ENSG00000121892"
"3634","ENSG00000179941"
"3635","ENSG00000272835"
"3636","ENSG00000198648"
"3637","ENSG00000107862"
"3638","ENSG00000187742"
"3639","ENSG00000121577"
"3640","ENSG00000086300"
"3641","ENSG00000243989"
"3642","ENSG00000188243"
"3643","ENSG00000183401"
"3644","ENSG00000106399"
"3645","ENSG00000273045"
"3646","ENSG00000135537"
"3647","ENSG00000121957"
"3648","ENSG00000117758"
"3649","ENSG00000271361"
"3650","ENSG00000159086"
"3651","ENSG00000117054"
"3652","ENSG00000079387"
"3653","ENSG00000138757"
"3654","ENSG00000253305"
"3655","ENSG00000122778"
"3656","ENSG00000154330"
"3657","ENSG00000091844"
"3658","ENSG00000131724"
"3659","ENSG00000240253"
"3660","ENSG00000130147"
"3661","ENSG00000148700"
"3662","ENSG00000135597"
"3663","ENSG00000153140"
"3664","ENSG00000165914"
"3665","ENSG00000184110"
"3666","ENSG00000115419"
"3667","ENSG00000121903"
"3668","ENSG00000198182"
"3669","ENSG00000235174"
"3670","ENSG00000145331"
"3671","ENSG00000143384"
"3672","ENSG00000181090"
"3673","ENSG00000226259"
"3674","ENSG00000196275"
"3675","ENSG00000173960"
"3676","ENSG00000153310"
"3677","ENSG00000144233"
"3678","ENSG00000185567"
"3679","ENSG00000280172"
"3680","ENSG00000115840"
"3681","ENSG00000156453"
"3682","ENSG00000142227"
"3683","ENSG00000154727"
"3684","ENSG00000125257"
"3685","ENSG00000185917"
"3686","ENSG00000164008"
"3687","ENSG00000163714"
"3688","ENSG00000204178"
"3689","ENSG00000158987"
"3690","ENSG00000163235"
"3691","ENSG00000125352"
"3692","ENSG00000163697"
"3693","ENSG00000214967"
"3694","ENSG00000147457"
"3695","ENSG00000166845"
"3696","ENSG00000143156"
"3697","ENSG00000254962"
"3698","ENSG00000154370"
"3699","ENSG00000266145"
"3700","ENSG00000197020"
"3701","ENSG00000196123"
"3702","ENSG00000078747"
"3703","ENSG00000006451"
"3704","ENSG00000214654"
"3705","ENSG00000144566"
"3706","ENSG00000161558"
"3707","ENSG00000055163"
"3708","ENSG00000171843"
"3709","ENSG00000136048"
"3710","ENSG00000243566"
"3711","ENSG00000104613"
"3712","ENSG00000136108"
"3713","ENSG00000163412"
"3714","ENSG00000179295"
"3715","ENSG00000263647"
"3716","ENSG00000134539"
"3717","ENSG00000187790"
"3718","ENSG00000197385"
"3719","ENSG00000134717"
"3720","ENSG00000141012"
"3721","ENSG00000101558"
"3722","ENSG00000095139"
"3723","ENSG00000089289"
"3724","ENSG00000277998"
"3725","ENSG00000122882"
